Step,Loss,Cost,Accuracy
0,2.302585042314433,2.303585042314433,0.11
5,2.302582025541509,2.303582025541509,0.14
10,2.302580386136326,2.3035803861363258,0.06
15,2.302579083066658,2.303579083066658,0.07
20,2.3025716614452953,2.3035716614452952,0.12
25,2.3025700824853925,2.3035700824853924,0.18
30,2.302584199895555,2.303584199895555,0.08
35,2.3025771774740758,2.3035771774740756,0.11
40,2.3025529409357173,2.303552940935717,0.17
45,2.3025620507324573,2.3035620507324572,0.12
50,2.302573568284373,2.303573568284373,0.1
55,2.3026014019570806,2.3036014019570805,0.12
60,2.302563364641811,2.303563364641811,0.16
65,2.3025789830855214,2.3035789830855213,0.06
70,2.3025995193797812,2.303599519379781,0.09
75,2.302571648639463,2.303571648639463,0.14
80,2.3026010544777336,2.3036010544777334,0.11
85,2.3025718434145013,2.303571843414501,0.11
90,2.302485211702472,2.303485211702472,0.16
95,2.3024932316619853,2.303493231661985,0.18
100,2.302413352509591,2.303413352509591,0.2
105,2.302634599106365,2.3036345991063647,0.08
110,2.302602099356622,2.3036020993566217,0.12
115,2.302624557466856,2.303624557466856,0.09
120,2.3024745713189567,2.3034745713189566,0.12
125,2.30260899037812,2.30360899037812,0.13
130,2.3025022819632257,2.3035022819632256,0.11
135,2.302572401318028,2.303572401318028,0.1
140,2.302532817142445,2.303532817142445,0.11
145,2.302482606744314,2.3034826067443137,0.13
150,2.3025487511773446,2.3035487511773445,0.05
155,2.3026755313954497,2.3036755313954496,0.09
160,2.3026149594161405,2.3036149594161404,0.1
165,2.302754651053389,2.303754651053389,0.05
170,2.3023761243183998,2.3033761243183997,0.15
175,2.3026633390877183,2.303663339087718,0.06
180,2.3024307836712765,2.3034307836712764,0.14
185,2.3027375910972054,2.3037375910972053,0.12
190,2.3025120824210386,2.3035120824210384,0.13
195,2.3026836898981307,2.3036836898981305,0.06
200,2.302569299459133,2.303569299459133,0.08
205,2.302551576686374,2.303551576686374,0.16
210,2.3025123664974223,2.303512366497422,0.14
215,2.302394910326196,2.3033949103261957,0.13
220,2.302823908047558,2.303823908047558,0.07
225,2.302539211380015,2.303539211380015,0.09
230,2.3024599966683024,2.3034599966683023,0.09
235,2.302547312014921,2.303547312014921,0.09
240,2.302978019790069,2.303978019790069,0.09
245,2.3026572540153363,2.303657254015336,0.04
250,2.30246958328223,2.30346958328223,0.1
255,2.3024440602727605,2.3034440602727604,0.12
260,2.30251444320453,2.30351444320453,0.13
265,2.3024411616072906,2.3034411616072905,0.11
270,2.302548577287967,2.303548577287967,0.11
275,2.302355236099234,2.3033552360992338,0.1
280,2.3024449582594775,2.3034449582594774,0.14
285,2.302393222823709,2.303393222823709,0.11
290,2.302528456305304,2.303528456305304,0.13
295,2.3024358025783886,2.3034358025783885,0.1
300,2.3025566607552532,2.303556660755253,0.09
305,2.3026287964553225,2.3036287964553224,0.11
310,2.3024792195029202,2.30347921950292,0.09
315,2.3030380969375046,2.3040380969375045,0.07
320,2.3025308787188252,2.303530878718825,0.11
325,2.3024973818137586,2.3034973818137585,0.12
330,2.3025698240645305,2.3035698240645304,0.11
335,2.3015159382079395,2.3025159382079394,0.15
340,2.30198147364326,2.3029814736432597,0.11
345,2.302388727125362,2.3033887271253617,0.1
350,2.3024069492480024,2.3034069492480023,0.12
355,2.3024969732524005,2.3034969732524004,0.11
360,2.303002931353261,2.304002931353261,0.07
365,2.302340032809172,2.3033400328091718,0.15
370,2.3021448985915614,2.3031448985915612,0.16
375,2.302215550871291,2.303215550871291,0.16
380,2.3022941810752027,2.3032941810752026,0.12
385,2.3030091208129133,2.304009120812913,0.09
390,2.302069013392772,2.303069013392772,0.12
395,2.3019130708485926,2.3029130708485925,0.11
400,2.3026103454674254,2.3036103454674253,0.06
405,2.3021913943223558,2.3031913943223556,0.15
410,2.3025145893022425,2.3035145893022424,0.06
415,2.3021552857097616,2.3031552857097615,0.11
420,2.302631264939242,2.303631264939242,0.09
425,2.302708183777438,2.303708183777438,0.08
430,2.3021257203475525,2.3031257203475524,0.14
435,2.302780892474752,2.303780892474752,0.07
440,2.3020573078745317,2.3030573078745316,0.12
445,2.302771894960282,2.3037718949602817,0.08
450,2.3024908950110823,2.303490895011082,0.11
455,2.3027472224427363,2.303747222442736,0.09
460,2.302608536987802,2.303608536987802,0.11
465,2.301282618900925,2.3022826189009247,0.14
470,2.3023699358113676,2.3033699358113675,0.1
475,2.3024475309115946,2.3034475309115945,0.12
480,2.302814250555112,2.303814250555112,0.09
485,2.3040070390585803,2.30500703905858,0.05
490,2.3032038838845024,2.3042038838845023,0.08
495,2.302708059376645,2.303708059376645,0.08
500,2.302606156840617,2.3036061568406168,0.11
505,2.302142142223821,2.303142142223821,0.1
510,2.3021286473592326,2.3031286473592325,0.08
515,2.301634919899559,2.302634919899559,0.13
520,2.3030032567621226,2.3040032567621225,0.14
525,2.3016057137068042,2.302605713706804,0.13
530,2.302408515920854,2.3034085159208537,0.13
535,2.302568173771183,2.303568173771183,0.12
540,2.302115518045145,2.303115518045145,0.1
545,2.3017759969991367,2.3027759969991366,0.12
550,2.30294040902412,2.30394040902412,0.06
555,2.302742845507172,2.303742845507172,0.1
560,2.3028831769077676,2.3038831769077674,0.1
565,2.3030039902335617,2.3040039902335616,0.06
570,2.30243077809684,2.30343077809684,0.13
575,2.3025236009937147,2.3035236009937146,0.11
580,2.3026038928781767,2.3036038928781766,0.09
585,2.302417623994428,2.3034176239944277,0.14
590,2.3022543790970955,2.3032543790970954,0.11
595,2.301915074636452,2.3029150746364517,0.13
600,2.303099732818562,2.3040997328185617,0.09
605,2.30203975890614,2.3030397589061398,0.12
610,2.3019219365308397,2.3029219365308395,0.13
615,2.3027250219682487,2.3037250219682486,0.09
620,2.3026141720877558,2.3036141720877557,0.06
625,2.302170209480118,2.303170209480118,0.12
630,2.301628673226954,2.302628673226954,0.15
635,2.3025194345418942,2.303519434541894,0.12
640,2.302444035807417,2.303444035807417,0.09
645,2.302960829424567,2.303960829424567,0.06
650,2.301776861119509,2.3027768611195087,0.1
655,2.301774622915697,2.3027746229156967,0.15
660,2.3018723917144057,2.3028723917144056,0.13
665,2.3024264939480426,2.3034264939480424,0.1
670,2.3023767567811153,2.303376756781115,0.07
675,2.3026536073435384,2.3036536073435383,0.11
680,2.3032350515524564,2.3042350515524563,0.06
685,2.3023958532877997,2.3033958532877996,0.08
690,2.3032911671209435,2.3042911671209434,0.09
695,2.302131023838789,2.3031310238387888,0.11
700,2.302155487583972,2.3031554875839717,0.11
705,2.3033752100683325,2.3043752100683323,0.09
710,2.302439745861524,2.3034397458615237,0.09
715,2.3021934278172087,2.3031934278172086,0.1
720,2.3024978084120575,2.3034978084120574,0.1
725,2.3029671020062326,2.3039671020062324,0.1
730,2.3031406961452063,2.3041406961452062,0.11
735,2.3012891018816766,2.3022891018816765,0.09
740,2.301285380210451,2.302285380210451,0.19
745,2.3008168589647253,2.301816858964725,0.13
750,2.3027068757200393,2.303706875720039,0.13
755,2.302570379073975,2.303570379073975,0.08
760,2.3005689804909655,2.3015689804909654,0.14
765,2.303547550614934,2.304547550614934,0.07
770,2.3040454395152064,2.3050454395152062,0.05
775,2.301975444438388,2.302975444438388,0.14
780,2.3021298616513546,2.3031298616513545,0.09
785,2.301528706845045,2.302528706845045,0.13
790,2.3031021401358727,2.3041021401358726,0.09
795,2.303303418806849,2.3043034188068487,0.07
800,2.3026000087558907,2.3036000087558905,0.1
805,2.302859802735216,2.3038598027352157,0.08
810,2.303247405324557,2.3042474053245567,0.07
815,2.301908831817413,2.3029088318174127,0.11
820,2.3028384568713554,2.3038384568713552,0.07
825,2.3018478189237697,2.3028478189237696,0.09
830,2.3020499327042963,2.303049932704296,0.13
835,2.303016574525428,2.304016574525428,0.1
840,2.301544215499371,2.302544215499371,0.12
845,2.3027505377148345,2.3037505377148344,0.11
850,2.30300683873234,2.30400683873234,0.07
855,2.3029750595340293,2.303975059534029,0.14
860,2.302842492788283,2.303842492788283,0.05
865,2.3020891529217393,2.303089152921739,0.11
870,2.302148010078226,2.303148010078226,0.13
875,2.3015926608730144,2.3025926608730143,0.08
880,2.3039350867650192,2.304935086765019,0.09
885,2.302596047781413,2.303596047781413,0.07
890,2.3021396278610347,2.3031396278610345,0.12
895,2.303459992072058,2.304459992072058,0.09
900,2.3025616931213104,2.3035616931213103,0.09
905,2.3029964691383613,2.303996469138361,0.07
910,2.3022678170013147,2.3032678170013146,0.06
915,2.302985618259764,2.303985618259764,0.09
920,2.3025367596550135,2.3035367596550134,0.07
925,2.3034671096806476,2.3044671096806475,0.1
930,2.300891396029971,2.301891396029971,0.12
935,2.3025325996264043,2.303532599626404,0.09
940,2.3001592100037374,2.3011592100037372,0.14
945,2.3023891260393285,2.3033891260393284,0.12
950,2.3025124703942046,2.3035124703942045,0.12
955,2.3024960441973326,2.3034960441973324,0.07
960,2.3026277516937768,2.3036277516937766,0.09
965,2.3025648528370097,2.3035648528370096,0.14
970,2.3023641135968957,2.3033641135968956,0.11
975,2.3029126968713074,2.3039126968713073,0.12
980,2.3013129520384634,2.3023129520384633,0.13
985,2.3012761418224326,2.3022761418224325,0.12
990,2.301077940978961,2.3020779409789607,0.1
995,2.3007121171255616,2.3017121171255615,0.19
1000,2.301055020068488,2.302055020068488,0.13
1005,2.3009705877633695,2.3019705877633694,0.14
1010,2.2998238848214485,2.3008238848214484,0.12
1015,2.3029814305547673,2.3039814305547672,0.1
1020,2.3037360299482734,2.3047360299482733,0.03
1025,2.3017562487146193,2.302756248714619,0.13
1030,2.3025423702810923,2.303542370281092,0.1
1035,2.302599554648864,2.303599554648864,0.12
1040,2.298981923821594,2.2999819238215937,0.18
1045,2.3043736190322788,2.3053736190322787,0.07
1050,2.3014369929095326,2.3024369929095325,0.14
1055,2.302631877890866,2.303631877890866,0.12
1060,2.3028865875567517,2.3038865875567516,0.1
1065,2.301973308090515,2.302973308090515,0.13
1070,2.301891587748807,2.3028915877488068,0.11
1075,2.3023168427434757,2.3033168427434756,0.13
1080,2.3022497242897373,2.303249724289737,0.14
1085,2.3038733105174907,2.3048733105174906,0.09
1090,2.300606320039219,2.3016063200392187,0.15
1095,2.302780817618835,2.303780817618835,0.14
1100,2.300876741977215,2.301876741977215,0.08
1105,2.3025581153179733,2.303558115317973,0.1
1110,2.3031541961907145,2.3041541961907144,0.11
1115,2.302300381666819,2.3033003816668187,0.07
1120,2.302053293660509,2.303053293660509,0.09
1125,2.3002152779330065,2.3012152779330064,0.17
1130,2.300459479977877,2.301459479977877,0.15
1135,2.3028791992284887,2.3038791992284886,0.11
1140,2.3027771102930408,2.3037771102930407,0.09
1145,2.3027702321545167,2.3037702321545166,0.11
1150,2.3039024572270663,2.304902457227066,0.07
1155,2.3033220340624547,2.3043220340624546,0.13
1160,2.3045058441324495,2.3055058441324494,0.07
1165,2.3029648560532934,2.3039648560532933,0.11
1170,2.30356071638128,2.30456071638128,0.11
1175,2.303873127159869,2.304873127159869,0.08
1180,2.300748550128854,2.301748550128854,0.18
1185,2.3006261907279235,2.3016261907279234,0.15
1190,2.301392054244571,2.302392054244571,0.14
1195,2.3021225603864774,2.3031225603864773,0.13
1200,2.3017293658419336,2.3027293658419334,0.13
1205,2.301426719471122,2.302426719471122,0.14
1210,2.303280541725991,2.304280541725991,0.07
1215,2.302208686637925,2.303208686637925,0.12
1220,2.302288115859748,2.303288115859748,0.16
1225,2.30194387164611,2.30294387164611,0.09
1230,2.302859544810546,2.303859544810546,0.08
1235,2.302446454940055,2.303446454940055,0.08
1240,2.3024428130344012,2.303442813034401,0.1
1245,2.3032053857083294,2.3042053857083293,0.09
1250,2.3024580165065798,2.3034580165065797,0.09
1255,2.3028379894014064,2.3038379894014063,0.07
1260,2.3011700981804575,2.3021700981804574,0.15
1265,2.3008999832401,2.3018999832400997,0.1
1270,2.303221622767374,2.3042216227673737,0.1
1275,2.303847278723159,2.304847278723159,0.05
1280,2.3036613886527793,2.304661388652779,0.1
1285,2.303819945646643,2.304819945646643,0.09
1290,2.301541104554745,2.302541104554745,0.15
1295,2.302063150417332,2.303063150417332,0.05
1300,2.300199017578454,2.301199017578454,0.09
1305,2.3018714630449146,2.3028714630449145,0.19
1310,2.300910763604724,2.301910763604724,0.12
1315,2.3020774755287077,2.3030774755287076,0.1
1320,2.3014559011062885,2.3024559011062884,0.15
1325,2.3022100453424836,2.3032100453424835,0.1
1330,2.3037931929943576,2.3047931929943575,0.08
1335,2.3038588464464285,2.3048588464464284,0.08
1340,2.3012174494450566,2.3022174494450565,0.11
1345,2.3035549006545866,2.3045549006545865,0.07
1350,2.301459472163984,2.3024594721639837,0.14
1355,2.303092658973748,2.304092658973748,0.12
1360,2.3017468231922065,2.3027468231922064,0.12
1365,2.3034005712886336,2.3044005712886335,0.06
1370,2.303013087709991,2.3040130877099907,0.05
1375,2.3006440926025253,2.3016440926025252,0.06
1380,2.3044055248539475,2.3054055248539473,0.09
1385,2.300062342208217,2.301062342208217,0.19
1390,2.3028660254354842,2.303866025435484,0.15
1395,2.303414776703065,2.304414776703065,0.09
1400,2.301360334357122,2.3023603343571217,0.13
1405,2.302394540719865,2.303394540719865,0.11
1410,2.303617546896615,2.304617546896615,0.07
1415,2.300600601918025,2.301600601918025,0.13
1420,2.300979452499831,2.3019794524998307,0.08
1425,2.3006892193096906,2.3016892193096905,0.17
1430,2.305316138283171,2.306316138283171,0.08
1435,2.301562760097487,2.3025627600974867,0.12
1440,2.303067967686842,2.304067967686842,0.06
1445,2.3030553140135255,2.3040553140135254,0.11
1450,2.301788496113711,2.302788496113711,0.1
1455,2.3040975222441245,2.3050975222441243,0.04
1460,2.3018676664791404,2.3028676664791403,0.12
1465,2.301172724655076,2.302172724655076,0.13
1470,2.299837003179078,2.300837003179078,0.1
1475,2.3056039919049405,2.3066039919049404,0.06
1480,2.300860958032622,2.3018609580326217,0.14
1485,2.3015455381314633,2.3025455381314632,0.1
1490,2.2978862259533583,2.2988862259533582,0.16
1495,2.299491614587435,2.300491614587435,0.11
1500,2.3015041058948214,2.3025041058948212,0.11
1505,2.2988813007178903,2.29988130071789,0.13
1510,2.297690094961939,2.298690094961939,0.17
1515,2.303806524477799,2.304806524477799,0.07
1520,2.3019447821270935,2.3029447821270934,0.09
1525,2.302368848485541,2.303368848485541,0.11
1530,2.304511989404234,2.3055119894042337,0.12
1535,2.3022683093563328,2.3032683093563326,0.1
1540,2.304380221638729,2.3053802216387287,0.09
1545,2.301541142846692,2.302541142846692,0.07
1550,2.30254118523871,2.3035411852387098,0.13
1555,2.305720076383184,2.306720076383184,0.05
1560,2.301287964564898,2.302287964564898,0.14
1565,2.3022189939946376,2.3032189939946375,0.15
1570,2.302979159843355,2.303979159843355,0.08
1575,2.303186673925247,2.304186673925247,0.05
1580,2.299759142155802,2.300759142155802,0.08
1585,2.3023032285650937,2.3033032285650936,0.1
1590,2.3009625838503136,2.3019625838503135,0.15
1595,2.3026128576255007,2.3036128576255006,0.11
1600,2.3035320785695235,2.3045320785695234,0.07
1605,2.3034303934115745,2.3044303934115744,0.1
1610,2.3024356962744865,2.3034356962744864,0.11
1615,2.302088879394004,2.303088879394004,0.07
1620,2.3024052635154835,2.3034052635154834,0.09
1625,2.3022801616651165,2.3032801616651164,0.1
1630,2.3031523269413245,2.3041523269413244,0.08
1635,2.3023336565769212,2.303333656576921,0.1
1640,2.3015397780785696,2.3025397780785695,0.12
1645,2.30351941980487,2.30451941980487,0.11
1650,2.3034282622598834,2.3044282622598833,0.09
1655,2.300822475654726,2.301822475654726,0.11
1660,2.303341970360792,2.3043419703607917,0.09
1665,2.3018743024325676,2.3028743024325675,0.11
1670,2.301923014440137,2.302923014440137,0.1
1675,2.302712351144088,2.303712351144088,0.06
1680,2.3027384450470922,2.303738445047092,0.07
1685,2.3037357023382707,2.3047357023382706,0.09
1690,2.301498655864853,2.302498655864853,0.12
1695,2.302668533176279,2.3036685331762787,0.1
1700,2.3033949296050125,2.3043949296050124,0.08
1705,2.3026753942957288,2.3036753942957287,0.1
1710,2.303974774109498,2.304974774109498,0.08
1715,2.3028332147834174,2.3038332147834173,0.11
1720,2.303802511200962,2.304802511200962,0.12
1725,2.3027224014256626,2.3037224014256625,0.11
1730,2.3044823816132087,2.3054823816132086,0.09
1735,2.3027126831268676,2.3037126831268675,0.11
1740,2.303474052379672,2.304474052379672,0.09
1745,2.303143577553872,2.3041435775538717,0.09
1750,2.3029849446898556,2.3039849446898555,0.11
1755,2.300434716648263,2.301434716648263,0.12
1760,2.300997618442876,2.301997618442876,0.12
1765,2.3012382512558993,2.302238251255899,0.16
1770,2.3032525840709903,2.30425258407099,0.07
1775,2.2983889241467734,2.2993889241467733,0.13
1780,2.302177899552923,2.303177899552923,0.05
1785,2.300628889085144,2.3016288890851437,0.13
1790,2.301661652522116,2.302661652522116,0.1
1795,2.301144378670125,2.302144378670125,0.12
1800,2.302506701997393,2.3035067019973927,0.07
1805,2.30253303434843,2.3035330343484297,0.09
1810,2.304248053999426,2.305248053999426,0.09
1815,2.3042289920309185,2.3052289920309184,0.07
1820,2.30295102145973,2.30395102145973,0.1
1825,2.3020380179004083,2.303038017900408,0.12
1830,2.30194451627696,2.30294451627696,0.14
1835,2.301389331534396,2.3023893315343957,0.14
1840,2.3007459711420974,2.3017459711420973,0.13
1845,2.301746072329336,2.302746072329336,0.1
1850,2.3020155964027214,2.3030155964027212,0.11
1855,2.302502493232354,2.303502493232354,0.06
1860,2.300554988089553,2.3015549880895527,0.1
1865,2.3006483610334163,2.301648361033416,0.12
1870,2.3020376306369963,2.303037630636996,0.14
1875,2.3039240294853838,2.3049240294853837,0.08
1880,2.3031189867069255,2.3041189867069254,0.09
1885,2.3037970163742143,2.304797016374214,0.1
1890,2.3025425383130913,2.303542538313091,0.11
1895,2.302801030488043,2.3038010304880427,0.08
1900,2.303068653181258,2.304068653181258,0.07
1905,2.300167778710282,2.301167778710282,0.12
1910,2.3004145675476293,2.301414567547629,0.13
1915,2.302206696346217,2.303206696346217,0.12
1920,2.3029724580807613,2.3039724580807612,0.11
1925,2.303135538106015,2.304135538106015,0.12
1930,2.3041430778693606,2.3051430778693605,0.08
1935,2.3024291837549993,2.303429183754999,0.07
1940,2.3021329345631587,2.3031329345631586,0.15
1945,2.3006539165420112,2.301653916542011,0.13
1950,2.3013443153338886,2.3023443153338885,0.18
1955,2.3025738242971316,2.3035738242971315,0.08
1960,2.3017015054072405,2.3027015054072404,0.12
1965,2.3025808583737546,2.3035808583737545,0.09
1970,2.30207241899209,2.3030724189920897,0.09
1975,2.3006353740810175,2.3016353740810174,0.16
1980,2.302258199425192,2.303258199425192,0.14
1985,2.3032968456873473,2.304296845687347,0.14
1990,2.301355039957199,2.302355039957199,0.07
1995,2.2993467920844286,2.3003467920844285,0.13
2000,2.3021849664720757,2.3031849664720756,0.13
2005,2.304254320823905,2.305254320823905,0.07
2010,2.303319762416688,2.304319762416688,0.11
2015,2.302726338988916,2.3037263389889158,0.1
2020,2.3019026085552494,2.3029026085552493,0.12
2025,2.3027055401673944,2.3037055401673943,0.09
2030,2.301252138082881,2.302252138082881,0.11
2035,2.30014041486649,2.30114041486649,0.16
2040,2.3009981188272204,2.3019981188272203,0.07
2045,2.3017268709516507,2.3027268709516506,0.12
2050,2.2990643559129778,2.3000643559129776,0.2
2055,2.302282244880149,2.303282244880149,0.12
2060,2.3010325593403063,2.302032559340306,0.11
2065,2.3029774143323576,2.3039774143323575,0.07
2070,2.302447072732642,2.303447072732642,0.12
2075,2.3003629327992714,2.3013629327992713,0.14
2080,2.3019553036602067,2.3029553036602066,0.13
2085,2.3030777917366594,2.3040777917366593,0.09
2090,2.3014545510369233,2.302454551036923,0.12
2095,2.3025726895519485,2.3035726895519484,0.1
2100,2.302716666732294,2.303716666732294,0.08
2105,2.30427417016528,2.30527417016528,0.06
2110,2.3005489470410643,2.301548947041064,0.12
2115,2.302639039930925,2.303639039930925,0.09
2120,2.3013186944213353,2.302318694421335,0.13
2125,2.3021319194964875,2.3031319194964874,0.14
2130,2.3006018118607527,2.3016018118607526,0.07
2135,2.3026054899513047,2.3036054899513045,0.11
2140,2.3020508632515173,2.303050863251517,0.07
2145,2.3016504435411527,2.3026504435411526,0.12
2150,2.300213106182734,2.301213106182734,0.11
2155,2.301686297803312,2.302686297803312,0.1
2160,2.3029639308821874,2.3039639308821873,0.12
2165,2.303146049981334,2.304146049981334,0.09
2170,2.2984583732649218,2.2994583732649216,0.13
2175,2.302185178708234,2.303185178708234,0.02
2180,2.299526243758134,2.3005262437581337,0.15
2185,2.3057433261213367,2.3067433261213366,0.07
2190,2.3045580969010255,2.3055580969010254,0.07
2195,2.302738078500962,2.303738078500962,0.06
2200,2.300065517462034,2.301065517462034,0.15
2205,2.3052976125827116,2.3062976125827115,0.06
2210,2.3012326725800345,2.3022326725800344,0.11
2215,2.3041904834041147,2.3051904834041146,0.05
2220,2.302104783076351,2.3031047830763507,0.07
2225,2.302044237943335,2.3030442379433347,0.1
2230,2.305144930628665,2.306144930628665,0.06
2235,2.3018432667921056,2.3028432667921055,0.14
2240,2.295500897824877,2.296500897824877,0.16
2245,2.2988227322149477,2.2998227322149476,0.15
2250,2.3052456223839797,2.3062456223839796,0.09
2255,2.3003052288102452,2.301305228810245,0.11
2260,2.300527063848735,2.301527063848735,0.14
2265,2.304639681317573,2.305639681317573,0.12
2270,2.303760938553248,2.304760938553248,0.11
2275,2.301774131958597,2.302774131958597,0.09
2280,2.3003251317611624,2.3013251317611623,0.14
2285,2.3043134320242293,2.3053134320242292,0.06
2290,2.303495248361511,2.304495248361511,0.06
2295,2.3010835139056245,2.3020835139056244,0.16
2300,2.3010374551500856,2.3020374551500855,0.08
2305,2.3031620458919697,2.3041620458919696,0.1
2310,2.3033629673562905,2.3043629673562904,0.1
2315,2.3017096644969555,2.3027096644969554,0.09
2320,2.301425644571792,2.302425644571792,0.09
2325,2.302651387693912,2.303651387693912,0.1
2330,2.2967085257604625,2.2977085257604624,0.13
2335,2.3049314821315052,2.305931482131505,0.16
2340,2.3018820510805056,2.3028820510805055,0.13
2345,2.3038423968716026,2.3048423968716025,0.12
2350,2.3019434094989166,2.3029434094989165,0.07
2355,2.30035813965853,2.30135813965853,0.15
2360,2.302289635858048,2.303289635858048,0.16
2365,2.300084701008731,2.301084701008731,0.18
2370,2.303435043461473,2.304435043461473,0.11
2375,2.3040901515392442,2.305090151539244,0.06
2380,2.3035098121388273,2.304509812138827,0.14
2385,2.3031247883402024,2.3041247883402023,0.07
2390,2.3028269210477186,2.3038269210477185,0.14
2395,2.3062134602545994,2.3072134602545993,0.12
2400,2.299698093016317,2.300698093016317,0.16
2405,2.3039805542297787,2.3049805542297785,0.12
2410,2.300234138092259,2.301234138092259,0.08
2415,2.299724366833045,2.300724366833045,0.16
2420,2.2973960530463926,2.2983960530463925,0.14
2425,2.302495248623325,2.303495248623325,0.14
2430,2.304054591205589,2.305054591205589,0.1
2435,2.302818723513466,2.3038187235134657,0.1
2440,2.3048638497446685,2.3058638497446684,0.12
2445,2.3016146595775457,2.3026146595775456,0.14
2450,2.3040734068560997,2.3050734068560996,0.11
2455,2.3046581118975475,2.3056581118975474,0.1
2460,2.3021074573457043,2.303107457345704,0.08
2465,2.30188386672702,2.30288386672702,0.11
2470,2.30417911963403,2.30517911963403,0.1
2475,2.3042909251009873,2.305290925100987,0.11
2480,2.3000032336718172,2.301003233671817,0.11
2485,2.304203868940232,2.305203868940232,0.11
2490,2.3035324979946634,2.3045324979946633,0.08
2495,2.3026183245551635,2.3036183245551634,0.11
2500,2.302139433282437,2.303139433282437,0.13
2505,2.3039169621886155,2.3049169621886154,0.08
2510,2.3030067639798286,2.3040067639798285,0.11
2515,2.302360227845263,2.3033602278452627,0.13
2520,2.3009747116352766,2.3019747116352764,0.14
2525,2.299960811051768,2.300960811051768,0.16
2530,2.2998521330715254,2.3008521330715253,0.1
2535,2.2998469312589425,2.3008469312589424,0.14
2540,2.3015204293272826,2.3025204293272825,0.11
2545,2.3023569612242234,2.3033569612242233,0.13
2550,2.3035237955176813,2.304523795517681,0.1
2555,2.3002940946517567,2.3012940946517566,0.13
2560,2.300902242003983,2.3019022420039827,0.08
2565,2.3036422167792794,2.3046422167792793,0.08
2570,2.301886530457634,2.302886530457634,0.12
2575,2.3036699056138508,2.3046699056138507,0.06
2580,2.3005687638418677,2.3015687638418676,0.13
2585,2.302594304891994,2.303594304891994,0.07
2590,2.3028215421237817,2.3038215421237815,0.1
2595,2.30359909555156,2.30459909555156,0.04
2600,2.3016776390115394,2.3026776390115393,0.06
2605,2.299674429057956,2.3006744290579557,0.15
2610,2.301372233286623,2.302372233286623,0.07
2615,2.301404619011764,2.3024046190117637,0.12
2620,2.302261754868968,2.303261754868968,0.16
2625,2.3016922259439925,2.3026922259439924,0.13
2630,2.301123976266517,2.302123976266517,0.12
2635,2.303483208451056,2.304483208451056,0.1
2640,2.3008928091962653,2.301892809196265,0.15
2645,2.3025920542727625,2.3035920542727624,0.13
2650,2.3028434918744414,2.3038434918744413,0.09
2655,2.3006331649474556,2.3016331649474555,0.12
2660,2.2990663981057766,2.3000663981057765,0.14
2665,2.3040708481321146,2.3050708481321145,0.09
2670,2.3028073032563623,2.303807303256362,0.09
2675,2.299493413824073,2.3004934138240727,0.12
2680,2.30264866140398,2.30364866140398,0.07
2685,2.302369900427874,2.303369900427874,0.14
2690,2.301909938883524,2.302909938883524,0.13
2695,2.305099757847371,2.3060997578473708,0.08
2700,2.3029437837462887,2.3039437837462886,0.09
2705,2.3000193877007025,2.3010193877007024,0.15
2710,2.302787610207318,2.303787610207318,0.08
2715,2.300240956597834,2.301240956597834,0.16
2720,2.3022456618101996,2.3032456618101995,0.07
2725,2.3018912679192347,2.3028912679192346,0.11
2730,2.3030949117804607,2.3040949117804606,0.07
2735,2.3009221057538256,2.3019221057538255,0.15
2740,2.3008708194565437,2.3018708194565436,0.17
2745,2.3057145016306206,2.3067145016306205,0.06
2750,2.301006776757209,2.3020067767572088,0.16
2755,2.3000443528257564,2.3010443528257563,0.16
2760,2.3013604372904526,2.3023604372904525,0.13
2765,2.298392323811576,2.299392323811576,0.13
2770,2.301128038830469,2.302128038830469,0.1
2775,2.3015926284327066,2.3025926284327065,0.14
2780,2.3009444627331344,2.3019444627331342,0.11
2785,2.302768539850947,2.303768539850947,0.08
2790,2.3002368095550745,2.3012368095550744,0.08
2795,2.303161014363148,2.3041610143631477,0.13
2800,2.30333851476967,2.30433851476967,0.11
2805,2.3035959688739127,2.3045959688739126,0.06
2810,2.3003841055418714,2.3013841055418713,0.08
2815,2.2993801671140544,2.3003801671140542,0.12
2820,2.3002099408497556,2.3012099408497555,0.14
2825,2.3019115057588264,2.3029115057588263,0.1
2830,2.302213543780533,2.303213543780533,0.16
2835,2.300838954199477,2.301838954199477,0.1
2840,2.3020605086978407,2.3030605086978406,0.07
2845,2.299551170228601,2.300551170228601,0.13
2850,2.300676333916839,2.3016763339168387,0.11
2855,2.3019820540257063,2.302982054025706,0.09
2860,2.3043099529249385,2.3053099529249383,0.06
2865,2.301960295934641,2.302960295934641,0.08
2870,2.303346776599014,2.3043467765990138,0.11
2875,2.3026978776397815,2.3036978776397814,0.11
2880,2.304629983883456,2.3056299838834557,0.05
2885,2.302123784228347,2.303123784228347,0.09
2890,2.302180748548866,2.303180748548866,0.11
2895,2.3019890373793515,2.3029890373793513,0.06
2900,2.302027354991708,2.3030273549917077,0.05
2905,2.301437070711947,2.302437070711947,0.08
2910,2.3013979723438656,2.3023979723438655,0.18
2915,2.3020097307733396,2.3030097307733395,0.09
2920,2.3030546666573777,2.3040546666573776,0.11
2925,2.3020605599233037,2.3030605599233036,0.11
2930,2.301474213685849,2.3024742136858487,0.12
2935,2.3029437468477876,2.3039437468477875,0.14
2940,2.2998542587831565,2.3008542587831564,0.16
2945,2.3011976137619206,2.3021976137619204,0.1
2950,2.301823648405978,2.302823648405978,0.13
2955,2.3017120492423793,2.302712049242379,0.07
2960,2.3017974806762114,2.3027974806762113,0.09
2965,2.3029691783584316,2.3039691783584315,0.14
2970,2.3022702901856382,2.303270290185638,0.12
2975,2.3008869642374945,2.3018869642374944,0.14
2980,2.301750451126959,2.302750451126959,0.13
2985,2.3034503238454165,2.3044503238454164,0.07
2990,2.303281503193497,2.3042815031934967,0.08
2995,2.3021706422184893,2.303170642218489,0.07
3000,2.3031548655134877,2.3041548655134876,0.09
3005,2.303141562393195,2.3041415623931947,0.09
3010,2.303659270596392,2.304659270596392,0.1
3015,2.3011135381975194,2.3021135381975193,0.08
3020,2.299077399681396,2.300077399681396,0.15
3025,2.303843481790838,2.304843481790838,0.11
3030,2.3031273434566524,2.3041273434566523,0.11
3035,2.3022504417239698,2.3032504417239696,0.13
3040,2.303237964195587,2.304237964195587,0.1
3045,2.3028967131776885,2.3038967131776884,0.15
3050,2.302126579339431,2.303126579339431,0.11
3055,2.3003942676842692,2.301394267684269,0.13
3060,2.303768160646239,2.3047681606462387,0.12
3065,2.3037043872575187,2.3047043872575186,0.06
3070,2.3027123041481268,2.3037123041481267,0.07
3075,2.29985378129233,2.30085378129233,0.14
3080,2.3029439855408573,2.303943985540857,0.13
3085,2.30206579535319,2.3030657953531897,0.08
3090,2.3035105224598915,2.3045105224598914,0.11
3095,2.303619767166197,2.304619767166197,0.08
3100,2.3029927570189295,2.3039927570189294,0.05
3105,2.3016275260392467,2.3026275260392466,0.13
3110,2.3026220810781277,2.3036220810781276,0.08
3115,2.3032880577522707,2.3042880577522706,0.08
3120,2.3026824685228986,2.3036824685228985,0.09
3125,2.3023611498110332,2.303361149811033,0.11
3130,2.303250284940375,2.304250284940375,0.08
3135,2.3022758255447027,2.3032758255447026,0.11
3140,2.301873574191411,2.302873574191411,0.11
3145,2.3019718232373716,2.3029718232373715,0.08
3150,2.30113037711039,2.30213037711039,0.16
3155,2.3014211827625575,2.3024211827625574,0.08
3160,2.301440116257616,2.302440116257616,0.1
3165,2.299617613855905,2.3006176138559047,0.17
3170,2.304026732368612,2.3050267323686118,0.14
3175,2.30360593554116,2.30460593554116,0.1
3180,2.3002842529601852,2.301284252960185,0.19
3185,2.2989844312178698,2.2999844312178697,0.12
3190,2.3019122325809844,2.3029122325809843,0.15
3195,2.3029902107610494,2.3039902107610493,0.1
3200,2.3015328633105447,2.3025328633105446,0.11
3205,2.3038569962907833,2.304856996290783,0.09
3210,2.303140095155734,2.304140095155734,0.02
3215,2.303176262117404,2.304176262117404,0.08
3220,2.2997463045273965,2.3007463045273964,0.14
3225,2.3023828820145757,2.3033828820145756,0.1
3230,2.301847718490355,2.302847718490355,0.1
3235,2.3032547429338144,2.3042547429338143,0.11
3240,2.3002351362510858,2.3012351362510857,0.15
3245,2.303146875568276,2.304146875568276,0.09
3250,2.302581130585954,2.303581130585954,0.13
3255,2.3009956156073827,2.3019956156073826,0.15
3260,2.302096162579562,2.303096162579562,0.09
3265,2.3052489804800587,2.3062489804800586,0.04
3270,2.3032837960300134,2.3042837960300133,0.07
3275,2.302863519103852,2.3038635191038517,0.07
3280,2.3010300774192234,2.3020300774192233,0.13
3285,2.3034555618633705,2.3044555618633704,0.08
3290,2.3003156688301742,2.301315668830174,0.11
3295,2.3021658361685247,2.3031658361685245,0.12
3300,2.302379294562584,2.3033792945625837,0.12
3305,2.302621847552113,2.303621847552113,0.07
3310,2.3037306596995095,2.3047306596995094,0.08
3315,2.302053803866968,2.303053803866968,0.11
3320,2.300023488840879,2.3010234888408787,0.14
3325,2.3016318825086626,2.3026318825086625,0.1
3330,2.303195727303338,2.304195727303338,0.05
3335,2.3039810084793215,2.3049810084793214,0.05
3340,2.302373645398663,2.303373645398663,0.07
3345,2.3005420052624213,2.301542005262421,0.12
3350,2.302384746188721,2.303384746188721,0.16
3355,2.3028311335771177,2.3038311335771176,0.08
3360,2.3026322682245217,2.3036322682245216,0.07
3365,2.303120399299317,2.304120399299317,0.1
3370,2.3000727363392,2.3010727363392,0.14
3375,2.303790206796863,2.304790206796863,0.12
3380,2.301911339559744,2.302911339559744,0.11
3385,2.3017772352067456,2.3027772352067455,0.1
3390,2.3020434798612532,2.303043479861253,0.15
3395,2.3027516417669847,2.3037516417669845,0.09
3400,2.3022708552919657,2.3032708552919656,0.12
3405,2.3009045034295124,2.3019045034295122,0.14
3410,2.302519411350882,2.303519411350882,0.12
3415,2.302663026871429,2.303663026871429,0.08
3420,2.303196282113189,2.304196282113189,0.05
3425,2.2995612704219037,2.3005612704219036,0.17
3430,2.3012982120104373,2.302298212010437,0.13
3435,2.300815199231364,2.301815199231364,0.07
3440,2.3004237542954264,2.3014237542954263,0.18
3445,2.303483110709528,2.304483110709528,0.09
3450,2.301790005668311,2.302790005668311,0.07
3455,2.3026414416177077,2.3036414416177076,0.07
3460,2.3040946811842336,2.3050946811842334,0.09
3465,2.3030919824308844,2.3040919824308843,0.06
3470,2.3018012177815095,2.3028012177815094,0.09
3475,2.3027377428656353,2.303737742865635,0.11
3480,2.3029599379682097,2.3039599379682096,0.1
3485,2.303492691349423,2.304492691349423,0.06
3490,2.3027223947045106,2.3037223947045105,0.12
3495,2.3035116233130495,2.3045116233130494,0.12
3500,2.3020219556559107,2.3030219556559106,0.13
3505,2.302611977458471,2.3036119774584707,0.09
3510,2.3024291390724687,2.3034291390724686,0.09
3515,2.302316085633556,2.303316085633556,0.1
3520,2.3029542023764935,2.3039542023764934,0.08
3525,2.3015875082273505,2.3025875082273504,0.14
3530,2.3030527848876132,2.304052784887613,0.1
3535,2.3010243742553875,2.3020243742553874,0.16
3540,2.3008381948038443,2.301838194803844,0.13
3545,2.3016444438903028,2.3026444438903027,0.12
3550,2.302270883510203,2.3032708835102027,0.07
3555,2.3023012024022207,2.3033012024022206,0.14
3560,2.303042355890116,2.304042355890116,0.1
3565,2.3022346468301045,2.3032346468301044,0.11
3570,2.303025981844291,2.304025981844291,0.09
3575,2.302933391827441,2.303933391827441,0.07
3580,2.301769015044015,2.302769015044015,0.12
3585,2.3018123344253394,2.3028123344253393,0.16
3590,2.3031266409146536,2.3041266409146535,0.07
3595,2.3027434814394847,2.3037434814394846,0.08
3600,2.30293612711792,2.30393612711792,0.05
3605,2.3028300842126024,2.3038300842126023,0.07
3610,2.301523329798084,2.302523329798084,0.17
3615,2.3027386241949865,2.3037386241949864,0.07
3620,2.302984055770402,2.303984055770402,0.09
3625,2.301686703624295,2.302686703624295,0.09
3630,2.3017631894645767,2.3027631894645766,0.14
3635,2.301818268160562,2.302818268160562,0.13
3640,2.3020423521656372,2.303042352165637,0.11
3645,2.301877922369807,2.302877922369807,0.12
3650,2.302004648324741,2.303004648324741,0.13
3655,2.301113899382767,2.302113899382767,0.1
3660,2.300385771658939,2.3013857716589388,0.12
3665,2.300821113994155,2.301821113994155,0.1
3670,2.301984970351061,2.3029849703510608,0.12
3675,2.3029410002712236,2.3039410002712235,0.11
3680,2.3024988893068787,2.3034988893068786,0.09
3685,2.3027347326586725,2.3037347326586723,0.09
3690,2.303747738848981,2.304747738848981,0.06
3695,2.303592941860346,2.3045929418603457,0.09
3700,2.303285710737011,2.3042857107370107,0.05
3705,2.3026168685004835,2.3036168685004834,0.08
3710,2.303799710237913,2.304799710237913,0.05
3715,2.303504290226643,2.304504290226643,0.09
3720,2.3025271936672946,2.3035271936672945,0.08
3725,2.3032454662392943,2.304245466239294,0.1
3730,2.3010382489287218,2.3020382489287217,0.13
3735,2.302991731708037,2.3039917317080367,0.1
3740,2.3023464824756577,2.3033464824756575,0.09
3745,2.302150030780327,2.3031500307803268,0.13
3750,2.3014583850367907,2.3024583850367906,0.11
3755,2.303709725227679,2.3047097252276787,0.11
3760,2.302996806889681,2.303996806889681,0.07
3765,2.3030173578754596,2.3040173578754595,0.08
3770,2.3025345556976484,2.3035345556976483,0.15
3775,2.301429654934224,2.302429654934224,0.1
3780,2.302761456728439,2.303761456728439,0.11
3785,2.3017614171682634,2.3027614171682633,0.11
3790,2.3017120302251066,2.3027120302251065,0.13
3795,2.303434960638354,2.304434960638354,0.08
3800,2.301454044038233,2.302454044038233,0.15
3805,2.3021767157631494,2.3031767157631493,0.14
3810,2.3029430836965417,2.3039430836965415,0.1
3815,2.301673371753071,2.302673371753071,0.08
3820,2.303180608945453,2.304180608945453,0.09
3825,2.3025872625498285,2.3035872625498284,0.11
3830,2.3033185787317816,2.3043185787317815,0.05
3835,2.3023035787501134,2.3033035787501133,0.17
3840,2.3026205226970298,2.3036205226970297,0.09
3845,2.303771489725307,2.304771489725307,0.06
3850,2.3036449177721585,2.3046449177721584,0.03
3855,2.3035824538214795,2.3045824538214794,0.07
3860,2.3033043324219995,2.3043043324219994,0.08
3865,2.3019245295504613,2.3029245295504612,0.12
3870,2.302434075305347,2.303434075305347,0.09
3875,2.3024697944792867,2.3034697944792866,0.05
3880,2.3028754610285844,2.3038754610285843,0.09
3885,2.3019919909916466,2.3029919909916465,0.13
3890,2.302086162820192,2.303086162820192,0.1
3895,2.3015004861056054,2.3025004861056053,0.13
3900,2.302257171155074,2.303257171155074,0.12
3905,2.302207194360548,2.303207194360548,0.12
3910,2.302503273654945,2.303503273654945,0.07
3915,2.30210634115611,2.3031063411561097,0.1
3920,2.30262852568415,2.3036285256841498,0.08
3925,2.302953053461497,2.303953053461497,0.08
3930,2.3020140997812866,2.3030140997812865,0.1
3935,2.302457529185482,2.303457529185482,0.07
3940,2.302545583471944,2.303545583471944,0.11
3945,2.3026296478586197,2.3036296478586196,0.14
3950,2.301988972919999,2.302988972919999,0.09
3955,2.3022680450377013,2.303268045037701,0.14
3960,2.302991323540043,2.303991323540043,0.1
3965,2.3027602420110984,2.3037602420110983,0.1
3970,2.3021590987745206,2.3031590987745205,0.08
3975,2.3021258229787094,2.3031258229787093,0.11
3980,2.302236669521109,2.303236669521109,0.1
3985,2.3019931514165113,2.302993151416511,0.1
3990,2.3019974757420947,2.3029974757420946,0.12
3995,2.303061180007849,2.304061180007849,0.09
4000,2.3025392312544697,2.3035392312544696,0.05
4005,2.3036296152853706,2.3046296152853705,0.09
4010,2.3010065996047877,2.3020065996047876,0.11
4015,2.3030264050491938,2.3040264050491936,0.07
4020,2.3023166071554027,2.3033166071554025,0.1
4025,2.303288992011505,2.304288992011505,0.05
4030,2.3020223849743147,2.3030223849743146,0.09
4035,2.302027472148056,2.303027472148056,0.1
4040,2.3019571712892084,2.3029571712892083,0.16
4045,2.3025283814069515,2.3035283814069514,0.06
4050,2.302061453954683,2.3030614539546828,0.1
4055,2.301778846935626,2.302778846935626,0.13
4060,2.3028184976925914,2.3038184976925913,0.11
4065,2.3027794589751682,2.303779458975168,0.09
4070,2.3028313743971593,2.3038313743971592,0.13
4075,2.301685537163039,2.302685537163039,0.11
4080,2.3027525071860064,2.3037525071860063,0.13
4085,2.3029208399259953,2.303920839925995,0.06
4090,2.302309277399776,2.303309277399776,0.08
4095,2.3024266894523726,2.3034266894523725,0.15
4100,2.3019950232741935,2.3029950232741934,0.08
4105,2.3013932095344636,2.3023932095344635,0.1
4110,2.3021772784605887,2.3031772784605886,0.11
4115,2.3017702405224565,2.3027702405224564,0.14
4120,2.302199699642708,2.303199699642708,0.06
4125,2.302754577572463,2.303754577572463,0.08
4130,2.301436101396036,2.3024361013960357,0.12
4135,2.3015025741714106,2.3025025741714105,0.1
4140,2.3014535355663757,2.3024535355663756,0.14
4145,2.301272590064545,2.302272590064545,0.16
4150,2.30333091237719,2.30433091237719,0.08
4155,2.3030222599774373,2.304022259977437,0.07
4160,2.302837318936461,2.303837318936461,0.07
4165,2.302971932357561,2.3039719323575607,0.1
4170,2.301326546637628,2.302326546637628,0.07
4175,2.3020294224885545,2.3030294224885544,0.15
4180,2.3035625098179637,2.3045625098179636,0.1
4185,2.3010703098312013,2.302070309831201,0.13
4190,2.3030157967099125,2.3040157967099124,0.13
4195,2.301224786132946,2.3022247861329457,0.11
4200,2.301799096795988,2.302799096795988,0.15
4205,2.3026076604050374,2.3036076604050373,0.12
4210,2.3025569882307013,2.303556988230701,0.13
4215,2.301398315183887,2.3023983151838867,0.15
4220,2.302287562629975,2.3032875626299747,0.11
4225,2.3044371124398646,2.3054371124398645,0.11
4230,2.3033464392367837,2.3043464392367836,0.1
4235,2.3031704448856716,2.3041704448856715,0.07
4240,2.3027003774808334,2.3037003774808333,0.07
4245,2.301147587295598,2.302147587295598,0.14
4250,2.301286987045137,2.302286987045137,0.11
4255,2.3025186221307767,2.3035186221307766,0.07
4260,2.302727085305675,2.303727085305675,0.09
4265,2.3031752752627863,2.304175275262786,0.05
4270,2.303897400131029,2.3048974001310287,0.08
4275,2.3031064542635917,2.3041064542635916,0.11
4280,2.3033629360852648,2.3043629360852647,0.09
4285,2.3030306743206816,2.3040306743206815,0.06
4290,2.303389527340314,2.304389527340314,0.15
4295,2.3027477842628254,2.3037477842628253,0.07
4300,2.3020497113173506,2.3030497113173505,0.09
4305,2.3027205678351406,2.3037205678351405,0.09
4310,2.30181029670329,2.30281029670329,0.13
4315,2.3025319861033067,2.3035319861033066,0.08
4320,2.303512128220479,2.304512128220479,0.09
4325,2.3029015162035136,2.3039015162035135,0.11
4330,2.3022821740448727,2.3032821740448726,0.1
4335,2.3031866756033796,2.3041866756033795,0.14
4340,2.3025727299322747,2.3035727299322746,0.11
4345,2.3033306193882206,2.3043306193882205,0.09
4350,2.302519292084075,2.303519292084075,0.11
4355,2.302578029223938,2.303578029223938,0.08
4360,2.303255853487644,2.304255853487644,0.09
4365,2.302666409913857,2.303666409913857,0.1
4370,2.3019669156057803,2.30296691560578,0.08
4375,2.3015595146062773,2.302559514606277,0.11
4380,2.302949793080797,2.303949793080797,0.08
4385,2.3030972477371043,2.3040972477371042,0.09
4390,2.30274617692269,2.3037461769226897,0.13
4395,2.302806453988558,2.303806453988558,0.08
4400,2.3033999954649094,2.3043999954649093,0.13
4405,2.303694962024792,2.304694962024792,0.11
4410,2.303189904083193,2.304189904083193,0.05
4415,2.3025187323655016,2.3035187323655015,0.11
4420,2.303424881434212,2.304424881434212,0.08
4425,2.3036957535545413,2.304695753554541,0.07
4430,2.303276827037718,2.304276827037718,0.08
4435,2.3026948394510565,2.3036948394510564,0.09
4440,2.3025806924141556,2.3035806924141555,0.11
4445,2.3027229656295645,2.3037229656295644,0.08
4450,2.3019385969913957,2.3029385969913956,0.08
4455,2.302376805433973,2.303376805433973,0.1
4460,2.3027065758895655,2.3037065758895654,0.06
4465,2.3034877472480635,2.3044877472480634,0.06
4470,2.303704657244329,2.304704657244329,0.04
4475,2.302192711143762,2.303192711143762,0.09
4480,2.304191135556618,2.3051911355566177,0.09
4485,2.302454597246775,2.303454597246775,0.1
4490,2.301125893271471,2.3021258932714708,0.15
4495,2.303241205361145,2.3042412053611447,0.14
4500,2.3019824347654954,2.3029824347654952,0.15
4505,2.3022854056374324,2.3032854056374323,0.07
4510,2.3023727829860836,2.3033727829860835,0.1
4515,2.3022756590953484,2.3032756590953483,0.11
4520,2.302517779910648,2.303517779910648,0.12
4525,2.3018196834319586,2.3028196834319585,0.14
4530,2.3021235313810333,2.303123531381033,0.14
4535,2.302801796264747,2.303801796264747,0.08
4540,2.3016740912463267,2.3026740912463266,0.13
4545,2.3023889799457478,2.3033889799457476,0.1
4550,2.3034404532965764,2.3044404532965763,0.06
4555,2.3028975680038526,2.3038975680038525,0.14
4560,2.3019304045925653,2.302930404592565,0.13
4565,2.3037245268543383,2.304724526854338,0.07
4570,2.303205787589153,2.304205787589153,0.05
4575,2.302294728695985,2.303294728695985,0.14
4580,2.3026156843046484,2.3036156843046482,0.08
4585,2.302859741292804,2.3038597412928037,0.07
4590,2.302867332608385,2.3038673326083847,0.11
4595,2.302704680939247,2.303704680939247,0.1
4600,2.303544291463666,2.304544291463666,0.06
4605,2.3014082486050933,2.302408248605093,0.17
4610,2.30246781126836,2.30346781126836,0.08
4615,2.303190445797104,2.304190445797104,0.09
4620,2.302336919172186,2.3033369191721857,0.11
4625,2.3024478514555633,2.303447851455563,0.09
4630,2.301379228456718,2.3023792284567177,0.12
4635,2.3024579364605633,2.303457936460563,0.1
4640,2.3015017128779323,2.302501712877932,0.16
4645,2.3020261108542748,2.3030261108542747,0.17
4650,2.30269275823423,2.30369275823423,0.1
4655,2.3031476963486295,2.3041476963486294,0.08
4660,2.3020506676169408,2.3030506676169407,0.15
4665,2.302252637084933,2.303252637084933,0.14
4670,2.3016965445714304,2.3026965445714302,0.12
4675,2.3024081687073115,2.3034081687073114,0.12
4680,2.3030445200921266,2.3040445200921265,0.12
4685,2.3009477177725737,2.3019477177725736,0.16
4690,2.3032148641841754,2.3042148641841753,0.08
4695,2.3015635723986474,2.3025635723986473,0.09
4700,2.3037064098563604,2.3047064098563603,0.09
4705,2.303686051683501,2.304686051683501,0.06
4710,2.302522620702861,2.3035226207028607,0.15
4715,2.303167485011239,2.304167485011239,0.14
4720,2.302268059736831,2.3032680597368307,0.15
4725,2.3028829161132705,2.3038829161132703,0.08
4730,2.3017520110182046,2.3027520110182045,0.19
4735,2.301874703243645,2.3028747032436447,0.1
4740,2.302252285285712,2.303252285285712,0.13
4745,2.3030434093508494,2.3040434093508493,0.06
4750,2.303463625101317,2.304463625101317,0.06
4755,2.3029199499196924,2.3039199499196923,0.09
4760,2.301768051648143,2.302768051648143,0.11
4765,2.3023960373448076,2.3033960373448075,0.14
4770,2.303494559925333,2.304494559925333,0.07
4775,2.301315270760897,2.302315270760897,0.08
4780,2.302499486301822,2.303499486301822,0.08
4785,2.3033149431450517,2.3043149431450516,0.1
4790,2.3021557870955665,2.3031557870955663,0.11
4795,2.3024973732761014,2.3034973732761013,0.11
4800,2.303231157528528,2.3042311575285277,0.06
4805,2.3020757070478237,2.3030757070478236,0.12
4810,2.301951262795125,2.302951262795125,0.1
4815,2.3017221042050497,2.3027221042050496,0.14
4820,2.302613555378827,2.303613555378827,0.06
4825,2.3029252571682526,2.3039252571682525,0.12
4830,2.302347533135783,2.303347533135783,0.04
4835,2.3027965863168727,2.3037965863168726,0.08
4840,2.3021917846076683,2.303191784607668,0.07
4845,2.3024426081933114,2.3034426081933113,0.1
4850,2.302060800079856,2.303060800079856,0.14
4855,2.302152831754596,2.3031528317545957,0.06
4860,2.30158215267907,2.30258215267907,0.11
4865,2.303715367773729,2.304715367773729,0.1
4870,2.302579724892857,2.303579724892857,0.1
4875,2.30212908880426,2.3031290888042597,0.06
4880,2.3026692737788252,2.303669273778825,0.07
4885,2.3033897636084584,2.3043897636084583,0.07
4890,2.3020413694175703,2.30304136941757,0.11
4895,2.3018573676679557,2.3028573676679556,0.12
4900,2.302380911399367,2.303380911399367,0.1
4905,2.3022180013341913,2.303218001334191,0.06
4910,2.302553081250485,2.303553081250485,0.13
4915,2.302554262995634,2.303554262995634,0.1
4920,2.30260142299399,2.30360142299399,0.12
4925,2.302015413874054,2.303015413874054,0.11
4930,2.3029215582288414,2.3039215582288413,0.09
4935,2.302792284571841,2.303792284571841,0.14
4940,2.302573707402967,2.303573707402967,0.1
4945,2.302493682702078,2.303493682702078,0.09
4950,2.3031774959456253,2.304177495945625,0.11
4955,2.3022652064554077,2.3032652064554076,0.1
4960,2.3027987960840814,2.3037987960840813,0.09
4965,2.3027108573516326,2.3037108573516325,0.1
4970,2.302082563235418,2.3030825632354177,0.11
4975,2.3029864781760723,2.303986478176072,0.07
4980,2.3028833875952657,2.3038833875952656,0.1
4985,2.301916834911103,2.302916834911103,0.11
4990,2.302924616985424,2.303924616985424,0.06
4995,2.3027482706634586,2.3037482706634584,0.1
5000,2.3015758052169524,2.3025758052169523,0.15
5005,2.3031852749095405,2.3041852749095404,0.1
5010,2.302281852030352,2.3032818520303517,0.17
5015,2.301956086888094,2.302956086888094,0.13
5020,2.302164916426038,2.303164916426038,0.13
5025,2.302956095870448,2.303956095870448,0.07
5030,2.302507488746031,2.303507488746031,0.12
5035,2.302491840008609,2.303491840008609,0.1
5040,2.302587820498738,2.3035878204987377,0.15
5045,2.302362992730135,2.303362992730135,0.08
5050,2.301202750978286,2.302202750978286,0.17
5055,2.3018018957529254,2.3028018957529253,0.12
5060,2.3020545860432065,2.3030545860432063,0.14
5065,2.3024640957683893,2.303464095768389,0.11
5070,2.301869670421788,2.3028696704217877,0.1
5075,2.3027540159724897,2.3037540159724896,0.09
5080,2.3023103975200647,2.3033103975200646,0.13
5085,2.302166852937873,2.303166852937873,0.13
5090,2.302670716300986,2.303670716300986,0.09
5095,2.3033850374094658,2.3043850374094657,0.1
5100,2.302773718877594,2.303773718877594,0.1
5105,2.3024404273564714,2.3034404273564713,0.1
5110,2.302668039418974,2.303668039418974,0.1
5115,2.302258386900877,2.3032583869008767,0.1
5120,2.301424944985916,2.302424944985916,0.18
5125,2.301834084865176,2.302834084865176,0.14
5130,2.302779100436214,2.303779100436214,0.07
5135,2.3022185627074334,2.3032185627074333,0.07
5140,2.301680743722722,2.3026807437227217,0.13
5145,2.3018117951798693,2.3028117951798692,0.05
5150,2.301093698738536,2.302093698738536,0.09
5155,2.3029564055929397,2.3039564055929396,0.14
5160,2.3028001807224374,2.3038001807224373,0.15
5165,2.3017315739607263,2.302731573960726,0.13
5170,2.3010195299172556,2.3020195299172554,0.14
5175,2.302490929067771,2.3034909290677708,0.13
5180,2.301613803643781,2.302613803643781,0.12
5185,2.303034035850952,2.3040340358509517,0.08
5190,2.301517114700567,2.3025171147005667,0.06
5195,2.3023426410311005,2.3033426410311004,0.14
5200,2.303081307099239,2.304081307099239,0.07
5205,2.302975524155865,2.303975524155865,0.09
5210,2.301682662112411,2.302682662112411,0.07
5215,2.30207552816083,2.30307552816083,0.1
5220,2.3018719888971866,2.3028719888971865,0.06
5225,2.3020693538052304,2.3030693538052303,0.14
5230,2.3012077974201066,2.3022077974201065,0.09
5235,2.3039516667571203,2.30495166675712,0.12
5240,2.30115053111481,2.30215053111481,0.08
5245,2.3006892306084357,2.3016892306084356,0.09
5250,2.3019328830473347,2.3029328830473346,0.08
5255,2.302611116886905,2.3036111168869047,0.17
5260,2.30324208917451,2.30424208917451,0.08
5265,2.3020810445932995,2.3030810445932994,0.13
5270,2.303379105435076,2.3043791054350757,0.08
5275,2.3030261213789136,2.3040261213789135,0.07
5280,2.301579635166282,2.302579635166282,0.13
5285,2.300251744939033,2.301251744939033,0.15
5290,2.30252037204893,2.3035203720489297,0.09
5295,2.304301347215673,2.3053013472156727,0.09
5300,2.3041915990391875,2.3051915990391874,0.09
5305,2.3019258069070947,2.3029258069070946,0.14
5310,2.3043147490675646,2.3053147490675645,0.09
5315,2.299644838849379,2.300644838849379,0.15
5320,2.3012765934540202,2.30227659345402,0.07
5325,2.302008019242015,2.303008019242015,0.14
5330,2.3014417019317395,2.3024417019317394,0.13
5335,2.30158624967696,2.30258624967696,0.15
5340,2.3040093979192244,2.3050093979192243,0.06
5345,2.303296733247973,2.304296733247973,0.08
5350,2.301210556557026,2.302210556557026,0.13
5355,2.3019398762853145,2.3029398762853144,0.1
5360,2.302736716647734,2.303736716647734,0.12
5365,2.3022568727784445,2.3032568727784444,0.09
5370,2.3017607191347924,2.3027607191347923,0.1
5375,2.301442039963673,2.302442039963673,0.1
5380,2.302725414971897,2.303725414971897,0.1
5385,2.3025420182913585,2.3035420182913584,0.13
5390,2.302439823328874,2.303439823328874,0.15
5395,2.301691027974003,2.302691027974003,0.14
5400,2.302284064234173,2.3032840642341728,0.14
5405,2.3022563575499793,2.303256357549979,0.12
5410,2.3026915403473356,2.3036915403473355,0.11
5415,2.3027677470753773,2.3037677470753772,0.07
5420,2.3015617356377156,2.3025617356377155,0.11
5425,2.3022879604774267,2.3032879604774266,0.09
5430,2.302231654387881,2.303231654387881,0.1
5435,2.3026977872780385,2.3036977872780384,0.15
5440,2.3022166557673818,2.3032166557673817,0.09
5445,2.3024209621397365,2.3034209621397363,0.14
5450,2.3021623017666406,2.3031623017666405,0.11
5455,2.3026570493873852,2.303657049387385,0.07
5460,2.303121737976188,2.304121737976188,0.09
5465,2.3019515803270885,2.3029515803270884,0.08
5470,2.301800729972325,2.3028007299723248,0.07
5475,2.302343179476291,2.303343179476291,0.1
5480,2.303148349621241,2.304148349621241,0.1
5485,2.302246133154272,2.3032461331542717,0.12
5490,2.301942936795101,2.302942936795101,0.14
5495,2.302969982242235,2.303969982242235,0.06
5500,2.301845710008246,2.302845710008246,0.16
5505,2.30250721123172,2.30350721123172,0.13
5510,2.3011992454578256,2.3021992454578255,0.15
5515,2.3024810701521266,2.3034810701521264,0.09
5520,2.302372711584229,2.303372711584229,0.09
5525,2.3017511294012105,2.3027511294012104,0.13
5530,2.302593694256475,2.3035936942564748,0.09
5535,2.301856689911448,2.3028566899114478,0.1
5540,2.302782004769367,2.3037820047693667,0.09
5545,2.3023043689472766,2.3033043689472765,0.08
5550,2.303413190863064,2.304413190863064,0.1
5555,2.3019885780115223,2.3029885780115222,0.14
5560,2.3016137871881206,2.3026137871881205,0.13
5565,2.301664822776905,2.302664822776905,0.12
5570,2.302421029127339,2.303421029127339,0.07
5575,2.3018444565938037,2.3028444565938035,0.13
5580,2.302775339703115,2.303775339703115,0.1
5585,2.3024642323622895,2.3034642323622894,0.1
5590,2.3017111758628004,2.3027111758628003,0.11
5595,2.300680636164984,2.301680636164984,0.14
5600,2.3025424151720153,2.303542415172015,0.1
5605,2.3029655805076503,2.30396558050765,0.05
5610,2.3016028303722917,2.3026028303722916,0.12
5615,2.303347522555376,2.304347522555376,0.1
5620,2.303318488775983,2.304318488775983,0.08
5625,2.301774756845254,2.302774756845254,0.13
5630,2.302845008397061,2.3038450083970607,0.13
5635,2.303011191664105,2.304011191664105,0.09
5640,2.3024057310721044,2.3034057310721043,0.13
5645,2.302749139939969,2.3037491399399688,0.08
5650,2.301396498393463,2.302396498393463,0.15
5655,2.302376438476399,2.303376438476399,0.09
5660,2.3028883591742293,2.303888359174229,0.09
5665,2.3007846260469518,2.3017846260469517,0.13
5670,2.3025009755103363,2.303500975510336,0.12
5675,2.303386074345257,2.304386074345257,0.08
5680,2.3041556537961245,2.3051556537961244,0.04
5685,2.302365009027229,2.303365009027229,0.08
5690,2.3014642178307123,2.302464217830712,0.13
5695,2.3027091185564035,2.3037091185564034,0.09
5700,2.302355422762557,2.303355422762557,0.16
5705,2.303577421601945,2.304577421601945,0.09
5710,2.302345947620822,2.303345947620822,0.14
5715,2.3030137316883073,2.304013731688307,0.07
5720,2.3020138817578446,2.3030138817578445,0.15
5725,2.302916395911271,2.303916395911271,0.1
5730,2.303029791351143,2.3040297913511427,0.04
5735,2.302720584470957,2.3037205844709567,0.09
5740,2.3025103994925256,2.3035103994925255,0.1
5745,2.3018282847088782,2.302828284708878,0.11
5750,2.301121372317749,2.3021213723177487,0.13
5755,2.3018027421447096,2.3028027421447095,0.14
5760,2.3035278832526793,2.304527883252679,0.11
5765,2.3020527006620526,2.3030527006620525,0.13
5770,2.3009224109040503,2.30192241090405,0.13
5775,2.3028720404392207,2.3038720404392206,0.1
5780,2.302009360813996,2.303009360813996,0.12
5785,2.304057069634072,2.305057069634072,0.08
5790,2.302441152066603,2.3034411520666027,0.13
5795,2.303643394868072,2.304643394868072,0.12
5800,2.302600517074987,2.3036005170749867,0.09
5805,2.302402849980424,2.303402849980424,0.1
5810,2.302426766864891,2.3034267668648907,0.11
5815,2.3005664708871336,2.3015664708871335,0.18
5820,2.3017006621888423,2.302700662188842,0.14
5825,2.300516065406512,2.301516065406512,0.15
5830,2.301451084633784,2.302451084633784,0.12
5835,2.3007641536637786,2.3017641536637785,0.15
5840,2.3038957373752145,2.3048957373752144,0.12
5845,2.3026064313849006,2.3036064313849005,0.07
5850,2.302901869440647,2.303901869440647,0.13
5855,2.3019865260745043,2.302986526074504,0.08
5860,2.301868579830833,2.302868579830833,0.05
5865,2.300025582846521,2.301025582846521,0.12
5870,2.302150334933081,2.303150334933081,0.1
5875,2.3034893789252733,2.304489378925273,0.09
5880,2.3026890938277678,2.3036890938277677,0.08
5885,2.3033721428955833,2.3043721428955832,0.09
5890,2.3024795438584666,2.3034795438584665,0.08
5895,2.3033212563593057,2.3043212563593056,0.06
5900,2.3040893893026246,2.3050893893026245,0.1
5905,2.3035094349589484,2.3045094349589483,0.08
5910,2.3005877679876368,2.3015877679876366,0.14
5915,2.302099551797979,2.303099551797979,0.1
5920,2.302977451365059,2.303977451365059,0.13
5925,2.299905514154377,2.300905514154377,0.15
5930,2.3005140208449886,2.3015140208449885,0.11
5935,2.3004561187909647,2.3014561187909646,0.08
5940,2.3034941131487687,2.3044941131487686,0.13
5945,2.30265208027305,2.30365208027305,0.1
5950,2.3018912612216273,2.3028912612216272,0.12
5955,2.3016010679871157,2.3026010679871156,0.1
5960,2.299623377463924,2.300623377463924,0.16
5965,2.3024395378416456,2.3034395378416455,0.1
5970,2.30126919382487,2.30226919382487,0.16
5975,2.3014104421728616,2.3024104421728615,0.1
5980,2.301576920940425,2.302576920940425,0.13
5985,2.301902704993342,2.302902704993342,0.06
5990,2.3005779452894064,2.3015779452894063,0.12
5995,2.2997338527009337,2.3007338527009336,0.12
6000,2.304038866198921,2.3050388661989207,0.08
6005,2.3026210649624543,2.3036210649624542,0.05
6010,2.300916529557928,2.301916529557928,0.09
6015,2.3021252670944357,2.3031252670944355,0.08
6020,2.3000210923930693,2.301021092393069,0.19
6025,2.3015021715327046,2.3025021715327045,0.13
6030,2.299526708319936,2.300526708319936,0.12
6035,2.3030795410501623,2.304079541050162,0.08
6040,2.302737328711804,2.303737328711804,0.06
6045,2.303817504275111,2.304817504275111,0.12
6050,2.302280156627878,2.3032801566278778,0.09
6055,2.3035721910644655,2.3045721910644654,0.07
6060,2.3027093919232207,2.3037093919232206,0.09
6065,2.301915352522787,2.302915352522787,0.13
6070,2.3023998266293537,2.3033998266293536,0.1
6075,2.3016238257493757,2.3026238257493756,0.12
6080,2.3060658322126297,2.3070658322126296,0.06
6085,2.300971160459153,2.301971160459153,0.1
6090,2.3026095543462914,2.3036095543462913,0.08
6095,2.303299903815151,2.304299903815151,0.09
6100,2.303977920082586,2.3049779200825857,0.12
6105,2.303312555961698,2.304312555961698,0.09
6110,2.3031831312441113,2.3041831312441112,0.12
6115,2.3046203463554567,2.3056203463554565,0.11
6120,2.301868760730026,2.3028687607300258,0.14
6125,2.3004133405410756,2.3014133405410755,0.07
6130,2.3021530255180234,2.3031530255180233,0.07
6135,2.303627223097315,2.304627223097315,0.09
6140,2.298716356527869,2.299716356527869,0.15
6145,2.3046183967210365,2.3056183967210364,0.08
6150,2.302120573121515,2.303120573121515,0.1
6155,2.3019567924223994,2.3029567924223993,0.15
6160,2.301433233247139,2.302433233247139,0.13
6165,2.300508303943871,2.301508303943871,0.11
6170,2.3024650402301488,2.3034650402301486,0.07
6175,2.3008421661127634,2.3018421661127633,0.14
6180,2.3064839416873175,2.3074839416873174,0.06
6185,2.3018484249212494,2.3028484249212493,0.09
6190,2.301822819133187,2.302822819133187,0.08
6195,2.3035702464981727,2.3045702464981725,0.14
6200,2.3022326431944187,2.3032326431944186,0.16
6205,2.3033510907704,2.3043510907703997,0.09
6210,2.3063567890638494,2.3073567890638493,0.06
6215,2.301918139481483,2.302918139481483,0.08
6220,2.301369031961156,2.302369031961156,0.08
6225,2.302245477722427,2.303245477722427,0.14
6230,2.3017851257434025,2.3027851257434024,0.1
6235,2.2993151047560407,2.3003151047560406,0.14
6240,2.3026779640142223,2.303677964014222,0.08
6245,2.3026309914456173,2.3036309914456172,0.05
6250,2.3021199402978834,2.3031199402978833,0.17
6255,2.301135757202599,2.302135757202599,0.16
6260,2.303086146947289,2.304086146947289,0.1
6265,2.30257123129861,2.30357123129861,0.1
6270,2.30244321233428,2.30344321233428,0.07
6275,2.302011176518778,2.303011176518778,0.11
6280,2.30186275828884,2.30286275828884,0.1
6285,2.3034369781185715,2.3044369781185714,0.07
6290,2.3016520485260186,2.3026520485260185,0.11
6295,2.3024045669515765,2.3034045669515764,0.13
6300,2.302911961193868,2.303911961193868,0.08
6305,2.3016726248629933,2.302672624862993,0.13
6310,2.302743789590457,2.303743789590457,0.11
6315,2.3012953859485403,2.30229538594854,0.17
6320,2.3009516776533534,2.3019516776533533,0.14
6325,2.305770641966964,2.306770641966964,0.1
6330,2.304108011807412,2.305108011807412,0.11
6335,2.299705526586406,2.300705526586406,0.13
6340,2.3011972131268346,2.3021972131268345,0.11
6345,2.302403979094066,2.3034039790940657,0.12
6350,2.302363159018883,2.303363159018883,0.13
6355,2.3002753739236756,2.3012753739236755,0.1
6360,2.305297223656228,2.306297223656228,0.05
6365,2.3015396124380643,2.302539612438064,0.07
6370,2.3042658460538106,2.3052658460538105,0.07
6375,2.3019935344481737,2.3029935344481736,0.08
6380,2.301985589674019,2.302985589674019,0.1
6385,2.3028144570406526,2.3038144570406525,0.13
6390,2.301577100539497,2.302577100539497,0.17
6395,2.302508825381514,2.3035088253815137,0.14
6400,2.301813266692715,2.302813266692715,0.16
6405,2.303224920457582,2.3042249204575818,0.05
6410,2.302078655367645,2.303078655367645,0.1
6415,2.3025640925018753,2.303564092501875,0.08
6420,2.302510989857556,2.303510989857556,0.1
6425,2.3004917080226694,2.3014917080226693,0.15
6430,2.300936714579387,2.3019367145793868,0.2
6435,2.302483575801801,2.303483575801801,0.08
6440,2.3022885973311773,2.303288597331177,0.15
6445,2.3018943203939757,2.3028943203939756,0.12
6450,2.299414451971299,2.300414451971299,0.16
6455,2.298347192636524,2.299347192636524,0.14
6460,2.3010830354632716,2.3020830354632715,0.09
6465,2.302170973591072,2.303170973591072,0.07
6470,2.3016164058907593,2.302616405890759,0.09
6475,2.2996330219508945,2.3006330219508944,0.14
6480,2.301617306330001,2.302617306330001,0.14
6485,2.2997682518394402,2.30076825183944,0.18
6490,2.304584947828272,2.305584947828272,0.1
6495,2.299725521235562,2.3007255212355617,0.12
6500,2.3057114696015786,2.3067114696015785,0.08
6505,2.302827642295338,2.303827642295338,0.1
6510,2.3049746299015594,2.3059746299015593,0.04
6515,2.3012533910963926,2.3022533910963925,0.09
6520,2.2980572936306585,2.2990572936306584,0.16
6525,2.3004263551480246,2.3014263551480245,0.11
6530,2.306409052762522,2.3074090527625217,0.06
6535,2.2994346530050316,2.3004346530050315,0.15
6540,2.300922453260646,2.3019224532606457,0.13
6545,2.297270337677,2.2982703376769997,0.16
6550,2.298618745358981,2.299618745358981,0.12
6555,2.304391937577199,2.3053919375771987,0.14
6560,2.2989898948393814,2.2999898948393813,0.16
6565,2.302039834650708,2.3030398346507077,0.07
6570,2.304398264965535,2.3053982649655347,0.08
6575,2.3050217797928023,2.306021779792802,0.1
6580,2.304567622911488,2.305567622911488,0.09
6585,2.3026830887000913,2.303683088700091,0.12
6590,2.3048227634587537,2.3058227634587536,0.06
6595,2.3013799595664888,2.3023799595664887,0.13
6600,2.303350697012999,2.3043506970129988,0.06
6605,2.302858819203647,2.303858819203647,0.13
6610,2.301071401576962,2.302071401576962,0.1
6615,2.3038902493620625,2.3048902493620624,0.08
6620,2.3025314339958793,2.3035314339958792,0.1
6625,2.3015453733984974,2.3025453733984973,0.11
6630,2.3020819593548256,2.3030819593548255,0.12
6635,2.3009355699275056,2.3019355699275055,0.12
6640,2.3004984926601533,2.301498492660153,0.13
6645,2.3026751907319345,2.3036751907319344,0.09
6650,2.3001512933659987,2.3011512933659986,0.16
6655,2.300736945856377,2.301736945856377,0.13
6660,2.3026050238661413,2.303605023866141,0.13
6665,2.3032026979508977,2.3042026979508976,0.1
6670,2.301814507443977,2.3028145074439768,0.07
6675,2.301376391807649,2.3023763918076487,0.13
6680,2.2995269565302503,2.30052695653025,0.12
6685,2.302111314288834,2.303111314288834,0.13
6690,2.3024015229000874,2.3034015229000873,0.19
6695,2.301746481935447,2.302746481935447,0.16
6700,2.30037690578169,2.30137690578169,0.12
6705,2.303293741713261,2.304293741713261,0.06
6710,2.302723196473,2.303723196473,0.07
6715,2.3009033278973043,2.3019033278973042,0.15
6720,2.3015208650397074,2.3025208650397073,0.12
6725,2.303802985905353,2.304802985905353,0.08
6730,2.3009571882477418,2.3019571882477416,0.1
6735,2.303287166676345,2.3042871666763447,0.1
6740,2.3016281424633096,2.3026281424633095,0.11
6745,2.3020689867851023,2.303068986785102,0.08
6750,2.298010378228097,2.299010378228097,0.2
6755,2.3050930099760496,2.3060930099760495,0.08
6760,2.3009159625796003,2.3019159625796,0.1
6765,2.3010420579559723,2.302042057955972,0.11
6770,2.300130135969495,2.301130135969495,0.12
6775,2.2996923703311,2.3006923703310997,0.13
6780,2.3010256603006236,2.3020256603006235,0.16
6785,2.303712833821356,2.304712833821356,0.08
6790,2.300415151229627,2.301415151229627,0.13
6795,2.300999391001657,2.3019993910016567,0.11
6800,2.3045054817397803,2.30550548173978,0.07
6805,2.301557984591818,2.302557984591818,0.14
6810,2.3035327754288315,2.3045327754288314,0.1
6815,2.3009571506221436,2.3019571506221435,0.07
6820,2.3034634453249336,2.3044634453249335,0.1
6825,2.3022372145002006,2.3032372145002005,0.17
6830,2.3014635900451093,2.302463590045109,0.11
6835,2.298206878811646,2.299206878811646,0.17
6840,2.303284539348229,2.3042845393482287,0.08
6845,2.299357085934146,2.300357085934146,0.13
6850,2.2980626277957983,2.299062627795798,0.2
6855,2.3027377097989206,2.3037377097989205,0.12
6860,2.302139754217477,2.3031397542174767,0.09
6865,2.3016356957911013,2.302635695791101,0.11
6870,2.301505925105414,2.302505925105414,0.11
6875,2.30319205547506,2.3041920554750597,0.1
6880,2.2979969264032984,2.2989969264032983,0.1
6885,2.2970278437752287,2.2980278437752286,0.17
6890,2.3020723942622805,2.3030723942622804,0.12
6895,2.3047284040692717,2.3057284040692716,0.09
6900,2.304195735020036,2.305195735020036,0.12
6905,2.3055964565746483,2.306596456574648,0.07
6910,2.3038035601770903,2.30480356017709,0.12
6915,2.302218164986922,2.303218164986922,0.13
6920,2.3033834988513373,2.304383498851337,0.06
6925,2.3012940374106363,2.302294037410636,0.08
6930,2.300489494971759,2.301489494971759,0.12
6935,2.3025259341671647,2.3035259341671646,0.11
6940,2.305411875323181,2.306411875323181,0.12
6945,2.3024454239137673,2.303445423913767,0.1
6950,2.303950400726067,2.304950400726067,0.11
6955,2.3015512423581197,2.3025512423581196,0.09
6960,2.3022976263704678,2.3032976263704676,0.14
6965,2.3020976994423994,2.3030976994423993,0.11
6970,2.3039640131680192,2.304964013168019,0.06
6975,2.303008215157682,2.304008215157682,0.14
6980,2.299472455091765,2.300472455091765,0.11
6985,2.302380359640578,2.303380359640578,0.13
6990,2.300998482182554,2.301998482182554,0.09
6995,2.3046639671368556,2.3056639671368555,0.13
7000,2.298580377258304,2.299580377258304,0.09
7005,2.301552031712544,2.302552031712544,0.1
7010,2.301402630903592,2.302402630903592,0.1
7015,2.3042981070713253,2.305298107071325,0.05
7020,2.3048825544666727,2.3058825544666726,0.1
7025,2.300863426800968,2.301863426800968,0.12
7030,2.3016270333358446,2.3026270333358445,0.07
7035,2.3035426812848443,2.304542681284844,0.07
7040,2.3006209231960106,2.3016209231960105,0.09
7045,2.303252092243379,2.3042520922433787,0.08
7050,2.3057005369414494,2.3067005369414493,0.09
7055,2.3026781836619126,2.3036781836619125,0.14
7060,2.3007146972769226,2.3017146972769225,0.06
7065,2.301519706376037,2.302519706376037,0.13
7070,2.2997296910893534,2.3007296910893533,0.09
7075,2.299952648300929,2.300952648300929,0.11
7080,2.3042142057281128,2.3052142057281126,0.02
7085,2.3014077404691715,2.3024077404691714,0.06
7090,2.302051792832582,2.3030517928325818,0.1
7095,2.300766881147533,2.301766881147533,0.12
7100,2.301192631669924,2.3021926316699237,0.1
7105,2.301854839636889,2.302854839636889,0.13
7110,2.298705369198379,2.299705369198379,0.15
7115,2.3021033069395234,2.3031033069395233,0.11
7120,2.301832827379324,2.3028328273793237,0.1
7125,2.304250458179669,2.305250458179669,0.11
7130,2.3009619876785776,2.3019619876785775,0.11
7135,2.303666853584718,2.3046668535847177,0.11
7140,2.302920625335828,2.3039206253358278,0.08
7145,2.299063773844259,2.300063773844259,0.21
7150,2.302684772922073,2.303684772922073,0.1
7155,2.3005472279434342,2.301547227943434,0.12
7160,2.2999979806030755,2.3009979806030754,0.11
7165,2.304362524504747,2.305362524504747,0.08
7170,2.3033994820021975,2.3043994820021974,0.07
7175,2.3012957118912216,2.3022957118912215,0.13
7180,2.3032514874561745,2.3042514874561744,0.15
7185,2.30184288126844,2.30284288126844,0.14
7190,2.3014740419412516,2.3024740419412515,0.06
7195,2.301859353787894,2.302859353787894,0.1
7200,2.301909695399697,2.302909695399697,0.11
7205,2.299963746953388,2.300963746953388,0.14
7210,2.3029426571961458,2.3039426571961457,0.09
7215,2.302598273308576,2.303598273308576,0.06
7220,2.3021295922373994,2.3031295922373993,0.09
7225,2.302303114119879,2.303303114119879,0.1
7230,2.302964460943651,2.303964460943651,0.1
7235,2.301929820671554,2.302929820671554,0.1
7240,2.301873645370074,2.3028736453700738,0.1
7245,2.300316948313256,2.301316948313256,0.08
7250,2.302348566003189,2.303348566003189,0.08
7255,2.3003598507529,2.3013598507529,0.12
7260,2.3026639159519102,2.30366391595191,0.08
7265,2.2981759975760867,2.2991759975760866,0.12
7270,2.3021208306284273,2.303120830628427,0.08
7275,2.3039438233077996,2.3049438233077995,0.11
7280,2.301978651608019,2.302978651608019,0.07
7285,2.303858611279968,2.304858611279968,0.11
7290,2.300536811280958,2.301536811280958,0.12
7295,2.303045227524691,2.304045227524691,0.05
7300,2.3012058266467093,2.302205826646709,0.13
7305,2.3023566695919033,2.303356669591903,0.11
7310,2.303294809027579,2.3042948090275788,0.11
7315,2.301810113570714,2.3028101135707137,0.12
7320,2.3037882966678156,2.3047882966678155,0.07
7325,2.3033889818361506,2.3043889818361505,0.08
7330,2.3012047524685086,2.3022047524685085,0.17
7335,2.302178160392037,2.303178160392037,0.07
7340,2.305123481038077,2.306123481038077,0.06
7345,2.3025359625136175,2.3035359625136174,0.04
7350,2.303168063314415,2.304168063314415,0.06
7355,2.3020901162494414,2.3030901162494413,0.11
7360,2.3024624563171923,2.303462456317192,0.11
7365,2.302434932101545,2.303434932101545,0.16
7370,2.3026425478414434,2.3036425478414433,0.09
7375,2.302856405844451,2.303856405844451,0.13
7380,2.3016661650189563,2.302666165018956,0.09
7385,2.3011992423568097,2.3021992423568096,0.1
7390,2.3014806651084525,2.3024806651084524,0.13
7395,2.2997778361714696,2.3007778361714695,0.17
7400,2.302160926684246,2.303160926684246,0.11
7405,2.3014822255624665,2.3024822255624664,0.13
7410,2.3021993840935355,2.3031993840935354,0.09
7415,2.3021066652602973,2.303106665260297,0.12
7420,2.302391414936545,2.303391414936545,0.12
7425,2.3015531103312337,2.3025531103312336,0.11
7430,2.3000643973052153,2.301064397305215,0.23
7435,2.3040340449997703,2.30503404499977,0.11
7440,2.301969134003094,2.302969134003094,0.08
7445,2.3018942210433493,2.302894221043349,0.05
7450,2.3017189010311476,2.3027189010311475,0.14
7455,2.3024412691872493,2.3034412691872492,0.08
7460,2.3029399112271474,2.3039399112271473,0.07
7465,2.302271987176529,2.303271987176529,0.1
7470,2.302252144195019,2.3032521441950187,0.1
7475,2.3034701304282796,2.3044701304282795,0.09
7480,2.303507514509798,2.304507514509798,0.07
7485,2.304015915811926,2.305015915811926,0.06
7490,2.3029452469829126,2.3039452469829125,0.13
7495,2.303291631634057,2.3042916316340567,0.05
7500,2.3013962980671234,2.3023962980671233,0.12
7505,2.299136116321352,2.300136116321352,0.12
7510,2.3034556942592435,2.3044556942592433,0.11
7515,2.3031243100815435,2.3041243100815434,0.06
7520,2.301891684242897,2.302891684242897,0.1
7525,2.3023205255063437,2.3033205255063436,0.13
7530,2.2984591710444637,2.2994591710444636,0.18
7535,2.304818279603163,2.3058182796031628,0.08
7540,2.3019965291890028,2.3029965291890027,0.1
7545,2.299099361017431,2.300099361017431,0.07
7550,2.3018540478422453,2.3028540478422452,0.09
7555,2.301920871040008,2.302920871040008,0.1
7560,2.3045294495428945,2.3055294495428944,0.12
7565,2.303574901009603,2.304574901009603,0.07
7570,2.301908695294095,2.3029086952940947,0.11
7575,2.3018446149228327,2.3028446149228325,0.12
7580,2.300623991935818,2.3016239919358177,0.13
7585,2.3033539678945885,2.3043539678945884,0.1
7590,2.3032526188716447,2.3042526188716446,0.1
7595,2.303130845319312,2.3041308453193117,0.07
7600,2.3033786887245524,2.3043786887245523,0.15
7605,2.3030941214757794,2.3040941214757793,0.09
7610,2.303742250359905,2.304742250359905,0.08
7615,2.301768612161276,2.302768612161276,0.13
7620,2.302090431668441,2.303090431668441,0.13
7625,2.2996225440620663,2.3006225440620662,0.12
7630,2.301939715247611,2.3029397152476108,0.1
7635,2.304201476727864,2.3052014767278637,0.09
7640,2.302659773346114,2.303659773346114,0.13
7645,2.3014063384470127,2.3024063384470126,0.11
7650,2.304845410675688,2.305845410675688,0.07
7655,2.301400960301557,2.302400960301557,0.14
7660,2.3010766883016456,2.3020766883016455,0.11
7665,2.3036118227949545,2.3046118227949544,0.06
7670,2.3026192251392748,2.3036192251392746,0.09
7675,2.301557300389787,2.302557300389787,0.12
7680,2.3026153255299526,2.3036153255299525,0.12
7685,2.302531998800261,2.3035319988002607,0.04
7690,2.30241553423855,2.30341553423855,0.13
7695,2.301385285632606,2.3023852856326057,0.13
7700,2.3022691304591554,2.3032691304591553,0.12
7705,2.303320017497282,2.304320017497282,0.06
7710,2.301989946384977,2.302989946384977,0.07
7715,2.301934979135813,2.302934979135813,0.13
7720,2.3042887346758754,2.3052887346758753,0.09
7725,2.3013072658480316,2.3023072658480315,0.12
7730,2.304892635335458,2.305892635335458,0.06
7735,2.3025898889780554,2.3035898889780553,0.12
7740,2.300279254129648,2.301279254129648,0.12
7745,2.3001587221390434,2.3011587221390433,0.12
7750,2.3020355907052106,2.3030355907052105,0.11
7755,2.3015815939482973,2.302581593948297,0.16
7760,2.300873996663218,2.301873996663218,0.11
7765,2.302049804620857,2.3030498046208567,0.15
7770,2.303106865845818,2.3041068658458177,0.1
7775,2.299840701344852,2.300840701344852,0.14
7780,2.3044436898962024,2.3054436898962023,0.04
7785,2.302835215645007,2.303835215645007,0.09
7790,2.3020301154483724,2.3030301154483723,0.1
7795,2.3026766828217036,2.3036766828217035,0.11
7800,2.3020888350036053,2.303088835003605,0.09
7805,2.3026578240182487,2.3036578240182486,0.08
7810,2.302672052979556,2.303672052979556,0.11
7815,2.303065866971544,2.304065866971544,0.1
7820,2.3034471988966048,2.3044471988966047,0.1
7825,2.3018877290698505,2.3028877290698504,0.1
7830,2.3037864918475863,2.304786491847586,0.07
7835,2.303224531906792,2.304224531906792,0.08
7840,2.3026014459188517,2.3036014459188516,0.09
7845,2.303272713587199,2.3042727135871988,0.07
7850,2.300285754731815,2.301285754731815,0.17
7855,2.3038366851448977,2.3048366851448976,0.1
7860,2.3024649016022525,2.3034649016022524,0.09
7865,2.3027449682599705,2.3037449682599704,0.09
7870,2.3008122723186224,2.3018122723186223,0.19
7875,2.3030087161286885,2.3040087161286884,0.08
7880,2.302498365351507,2.303498365351507,0.1
7885,2.300933089987103,2.301933089987103,0.15
7890,2.3019045771296947,2.3029045771296945,0.12
7895,2.3021931822740065,2.3031931822740064,0.14
7900,2.300745881734281,2.301745881734281,0.1
7905,2.3028094276890894,2.3038094276890893,0.09
7910,2.302010329654913,2.3030103296549127,0.09
7915,2.302766572803353,2.3037665728033527,0.13
7920,2.3026734147589094,2.3036734147589093,0.12
7925,2.302536951076722,2.303536951076722,0.15
7930,2.3026359812756643,2.303635981275664,0.1
7935,2.300867721993566,2.301867721993566,0.14
7940,2.304116135109332,2.305116135109332,0.12
7945,2.3031293928147853,2.3041293928147852,0.08
7950,2.3022263585847704,2.3032263585847703,0.1
7955,2.3025939798640556,2.3035939798640555,0.12
7960,2.301679425810122,2.3026794258101217,0.13
7965,2.301823496239182,2.302823496239182,0.13
7970,2.3027710985436247,2.3037710985436246,0.09
7975,2.301901755433924,2.3029017554339237,0.09
7980,2.3029330345076016,2.3039330345076015,0.14
7985,2.301808591534576,2.3028085915345757,0.12
7990,2.3028379520998006,2.3038379520998005,0.15
7995,2.3014795851001097,2.3024795851001096,0.1
8000,2.3005381962773495,2.3015381962773493,0.13
8005,2.301384932769802,2.302384932769802,0.11
8010,2.3037600890446703,2.3047600890446702,0.06
8015,2.300964829952275,2.301964829952275,0.1
8020,2.3041846038306377,2.3051846038306376,0.08
8025,2.3024625296049113,2.303462529604911,0.12
8030,2.304074986483895,2.305074986483895,0.1
8035,2.3008062839460175,2.3018062839460174,0.09
8040,2.3031674351183664,2.3041674351183663,0.13
8045,2.300957418022614,2.301957418022614,0.13
8050,2.3019522575013838,2.3029522575013837,0.14
8055,2.302885869727806,2.303885869727806,0.1
8060,2.300989049857748,2.301989049857748,0.11
8065,2.303654652283567,2.304654652283567,0.06
8070,2.301739938566636,2.302739938566636,0.15
8075,2.3028162020365017,2.3038162020365016,0.1
8080,2.3023935816148664,2.3033935816148663,0.08
8085,2.302478440402128,2.303478440402128,0.06
8090,2.303700218880646,2.304700218880646,0.07
8095,2.3014343758627445,2.3024343758627444,0.18
8100,2.3039687155051647,2.3049687155051646,0.05
8105,2.3021218607960368,2.3031218607960366,0.11
8110,2.30133623749116,2.30233623749116,0.17
8115,2.3023586818095962,2.303358681809596,0.08
8120,2.302123789280728,2.3031237892807277,0.09
8125,2.3020122715561016,2.3030122715561014,0.11
8130,2.3018032082303765,2.3028032082303764,0.08
8135,2.3015788272161712,2.302578827216171,0.12
8140,2.3017453780514425,2.3027453780514424,0.12
8145,2.301729720754939,2.302729720754939,0.11
8150,2.301272644852704,2.302272644852704,0.12
8155,2.3016987994407203,2.30269879944072,0.1
8160,2.3015177712058117,2.3025177712058116,0.08
8165,2.3036181933183473,2.304618193318347,0.06
8170,2.303013171701427,2.3040131717014267,0.09
8175,2.3031804878316935,2.3041804878316934,0.1
8180,2.3017805962825033,2.302780596282503,0.11
8185,2.3022634114306064,2.3032634114306063,0.15
8190,2.3028087059752407,2.3038087059752406,0.12
8195,2.3005104385604356,2.3015104385604355,0.12
8200,2.303901295747219,2.304901295747219,0.07
8205,2.30375837027973,2.30475837027973,0.05
8210,2.3022798943105607,2.3032798943105606,0.12
8215,2.3034038899766656,2.3044038899766655,0.07
8220,2.304883193700371,2.305883193700371,0.02
8225,2.30431239123815,2.3053123912381497,0.14
8230,2.3024564414173705,2.3034564414173704,0.11
8235,2.3022104189137598,2.3032104189137597,0.08
8240,2.3029015292220723,2.303901529222072,0.06
8245,2.302595202895773,2.3035952028957727,0.09
8250,2.2999281391733177,2.3009281391733176,0.17
8255,2.3028032298578998,2.3038032298578996,0.11
8260,2.3014219933239626,2.3024219933239625,0.13
8265,2.302568520895333,2.303568520895333,0.1
8270,2.301401163532619,2.3024011635326187,0.1
8275,2.302173539894481,2.303173539894481,0.11
8280,2.302704416217846,2.3037044162178457,0.11
8285,2.3020648647070345,2.3030648647070344,0.16
8290,2.301007730357295,2.302007730357295,0.15
8295,2.3027165280822826,2.3037165280822824,0.11
8300,2.3028146321679386,2.3038146321679385,0.09
8305,2.3013211022536795,2.3023211022536794,0.06
8310,2.3029276141005828,2.3039276141005827,0.12
8315,2.301383688975724,2.302383688975724,0.15
8320,2.304354180554375,2.305354180554375,0.06
8325,2.302178445880209,2.3031784458802087,0.13
8330,2.304355496357479,2.3053554963574787,0.08
8335,2.3030907963222957,2.3040907963222956,0.11
8340,2.303025082627247,2.304025082627247,0.15
8345,2.3044169878055736,2.3054169878055735,0.08
8350,2.3022035909358527,2.3032035909358526,0.12
8355,2.3034281409573634,2.3044281409573633,0.09
8360,2.3021176133617653,2.3031176133617652,0.09
8365,2.3025701867702146,2.3035701867702145,0.11
8370,2.301955000527824,2.302955000527824,0.08
8375,2.3031651119319205,2.3041651119319204,0.06
8380,2.3028256187127893,2.3038256187127892,0.1
8385,2.301651927637472,2.3026519276374717,0.12
8390,2.3002370950452016,2.3012370950452015,0.16
8395,2.3029301216899545,2.3039301216899544,0.07
8400,2.301521836693615,2.302521836693615,0.16
8405,2.302425581190552,2.303425581190552,0.08
8410,2.3035556548185276,2.3045556548185275,0.05
8415,2.298988221423967,2.299988221423967,0.19
8420,2.3023865873910347,2.3033865873910346,0.1
8425,2.30321885211596,2.3042188521159597,0.08
8430,2.302656124887873,2.303656124887873,0.08
8435,2.3030820663321805,2.3040820663321804,0.09
8440,2.303907745110825,2.304907745110825,0.06
8445,2.3024647477987243,2.3034647477987242,0.12
8450,2.302256493126391,2.303256493126391,0.09
8455,2.3025657507112665,2.3035657507112663,0.09
8460,2.3024137293658753,2.303413729365875,0.11
8465,2.30167305427315,2.30267305427315,0.09
8470,2.3027565431738557,2.3037565431738556,0.06
8475,2.3037407133675227,2.3047407133675226,0.06
8480,2.303557130109093,2.304557130109093,0.09
8485,2.3027192065855573,2.303719206585557,0.12
8490,2.3022635784083096,2.3032635784083095,0.13
8495,2.3029482551319034,2.3039482551319033,0.08
8500,2.3020286056675,2.3030286056675,0.1
8505,2.3021411427324163,2.303141142732416,0.09
8510,2.3013493800499596,2.3023493800499595,0.17
8515,2.3027097223524913,2.303709722352491,0.11
8520,2.3023478375011965,2.3033478375011964,0.07
8525,2.3024636767595537,2.3034636767595535,0.07
8530,2.3023532197116072,2.303353219711607,0.15
8535,2.3029317123408175,2.3039317123408174,0.09
8540,2.3032605177868635,2.3042605177868634,0.08
8545,2.302666613319657,2.303666613319657,0.12
8550,2.302889749294201,2.3038897492942008,0.1
8555,2.3024491563621776,2.3034491563621775,0.08
8560,2.3023390548275717,2.3033390548275716,0.13
8565,2.3024863619064257,2.3034863619064256,0.07
8570,2.303132882943438,2.304132882943438,0.08
8575,2.301844583444465,2.302844583444465,0.09
8580,2.303141220236583,2.3041412202365827,0.15
8585,2.3020628428142014,2.3030628428142013,0.08
8590,2.3021918654714493,2.303191865471449,0.14
8595,2.302642110066215,2.3036421100662148,0.09
8600,2.301621056003229,2.302621056003229,0.17
8605,2.3032623136022887,2.3042623136022886,0.08
8610,2.301956628308821,2.302956628308821,0.13
8615,2.3021591934949157,2.3031591934949156,0.11
8620,2.3023787058026484,2.3033787058026483,0.12
8625,2.302387823667079,2.303387823667079,0.1
8630,2.30187986100626,2.30287986100626,0.14
8635,2.3016229607514638,2.3026229607514637,0.11
8640,2.302283449086645,2.3032834490866447,0.08
8645,2.3032941350877554,2.3042941350877553,0.07
8650,2.3022895055352364,2.3032895055352363,0.12
8655,2.3015208877305344,2.3025208877305343,0.16
8660,2.302183570142562,2.303183570142562,0.1
8665,2.3029130755449714,2.3039130755449713,0.08
8670,2.3030996153024414,2.3040996153024413,0.06
8675,2.3036000776098606,2.3046000776098605,0.07
8680,2.301612463112677,2.302612463112677,0.12
8685,2.3025214396929075,2.3035214396929073,0.08
8690,2.3032456495571223,2.304245649557122,0.1
8695,2.302211541045541,2.303211541045541,0.1
8700,2.3022924189049836,2.3032924189049835,0.14
8705,2.303312993627285,2.304312993627285,0.1
8710,2.3018989101497818,2.3028989101497817,0.12
8715,2.303026726639462,2.304026726639462,0.1
8720,2.303405603087379,2.3044056030873787,0.08
8725,2.3028335661530726,2.3038335661530724,0.08
8730,2.3033281695570227,2.3043281695570226,0.08
8735,2.302732908250468,2.303732908250468,0.1
8740,2.302187009504691,2.3031870095046907,0.1
8745,2.3024275852904132,2.303427585290413,0.06
8750,2.3016362198653013,2.302636219865301,0.13
8755,2.3020254345470534,2.3030254345470533,0.13
8760,2.302582549119437,2.303582549119437,0.11
8765,2.3027727764213224,2.3037727764213223,0.09
8770,2.302770839734067,2.303770839734067,0.09
8775,2.3020107081381807,2.3030107081381805,0.1
8780,2.302530519536556,2.303530519536556,0.1
8785,2.3027736833369,2.3037736833369,0.09
8790,2.3029601350043523,2.303960135004352,0.13
8795,2.3019034471793494,2.3029034471793493,0.15
8800,2.3023241775912338,2.3033241775912336,0.12
8805,2.302488976157835,2.3034889761578348,0.12
8810,2.3020363308489324,2.3030363308489323,0.12
8815,2.3023163787817045,2.3033163787817044,0.13
8820,2.302626514568407,2.303626514568407,0.11
8825,2.3027509908974193,2.303750990897419,0.07
8830,2.3025876511827357,2.3035876511827356,0.16
8835,2.3031210823174986,2.3041210823174985,0.09
8840,2.301823405381071,2.302823405381071,0.16
8845,2.301375657418181,2.302375657418181,0.13
8850,2.3019083445756414,2.3029083445756413,0.11
8855,2.302546914440319,2.303546914440319,0.09
8860,2.3017279421321275,2.3027279421321274,0.16
8865,2.302257657954068,2.303257657954068,0.09
8870,2.30313629354017,2.3041362935401697,0.08
8875,2.302187646938726,2.303187646938726,0.18
8880,2.3032368294116314,2.3042368294116313,0.1
8885,2.3033508593254983,2.304350859325498,0.09
8890,2.302570061338049,2.303570061338049,0.07
8895,2.3015944776479786,2.3025944776479785,0.11
8900,2.302775463995224,2.303775463995224,0.14
8905,2.3026505170001865,2.3036505170001864,0.07
8910,2.3025449813585954,2.3035449813585953,0.07
8915,2.3019600261653848,2.3029600261653846,0.17
8920,2.3027459736751448,2.3037459736751447,0.06
8925,2.302573560927818,2.303573560927818,0.06
8930,2.3026831407983175,2.3036831407983174,0.07
8935,2.3022472285482145,2.3032472285482144,0.08
8940,2.3022440980583947,2.3032440980583946,0.13
8945,2.301858506774848,2.302858506774848,0.12
8950,2.3024826802466594,2.3034826802466593,0.12
8955,2.302427625784408,2.303427625784408,0.08
8960,2.302352802960728,2.303352802960728,0.13
8965,2.302870661194555,2.303870661194555,0.07
8970,2.30309777699563,2.3040977769956297,0.11
8975,2.302624141366711,2.303624141366711,0.09
8980,2.302893797269288,2.303893797269288,0.09
8985,2.3030312128221113,2.304031212822111,0.04
8990,2.302712636159613,2.303712636159613,0.1
8995,2.3031604552521587,2.3041604552521586,0.09
